product_id,product_name,category,sub_category
FUR-BO-10001798,"Bush Somerset Collection Bookcase",Furniture,Bookcases
FUR-CH-10000454,"Hon Deluxe Fabric Upholstered Stacking Chairs, Rounded Back",Furniture,Chairs
OFF-LA-10000240,"Self-Adhesive Address Labels for Typewriters by Universal","Office Supplies",Labels
FUR-TA-10000577,"Bretford CR4500 Series Slim Rectangular Table",Furniture,Tables
OFF-ST-10000760,"Eldon Fold 'N Roll Cart System","Office Supplies",Storage
FUR-FU-10001487,"Eldon Expressions Wood and Plastic Desk Accessories, Cherry Wood",Furniture,Furnishings
OFF-AR-10002833,"Newell 322","Office Supplies",Art
TEC-PH-10002275,"Mitel 5320 IP Phone VoIP phone",Technology,Phones
OFF-BI-10003910,"DXL Angle-View Binders with Locking Rings by Samsill","Office Supplies",Binders
OFF-AP-10002892,"Belkin F5C206VTEL 6 Outlet Surge","Office Supplies",Appliances
FUR-TA-10001539,"Chromcraft Rectangular Conference Tables",Furniture,Tables
TEC-PH-10002033,"Konftel 250 Conference phone - Charcoal black",Technology,Phones
OFF-PA-10002365,"Xerox 1967","Office Supplies",Paper
OFF-BI-10003656,"Fellowes PB200 Plastic Comb Binding Machine","Office Supplies",Binders
OFF-AP-10002311,"Holmes Replacement Filter for HEPA Air Cleaner, Very Large Room, HEPA Filter","Office Supplies",Appliances
OFF-BI-10000756,"Storex DuraTech Recycled Plastic Frosted Binders","Office Supplies",Binders
OFF-ST-10004186,"Stur-D-Stor Shelving, Vertical 5-Shelf: 72"H x 36""W x 18 1/2""D"","Office Supplies",Storage
OFF-ST-10000107,"Fellowes Super Stor/Drawer","Office Supplies",Storage
OFF-AR-10003056,"Newell 341","Office Supplies",Art
TEC-PH-10001949,"Cisco SPA 501G IP Phone",Technology,Phones
OFF-BI-10002215,"Wilson Jones Hanging View Binder, White, 1""","Office Supplies",Binders
OFF-AR-10000246,"Newell 318","Office Supplies",Art
OFF-AP-10001492,"Acco Six-Outlet Power Strip, 4' Cord Length","Office Supplies",Appliances
FUR-CH-10002774,"Global Deluxe Stacking Chair, Gray",Furniture,Chairs
OFF-BI-10001634,"Wilson Jones Active Use Binders","Office Supplies",Binders
TEC-AC-10003027,"Imation 8GB Mini TravelDrive USB 2.0 Flash Drive",Technology,Accessories
FUR-BO-10004834,"Riverside Palais Royal Lawyers Bookcase, Royale Cherry Finish",Furniture,Bookcases
OFF-BI-10000474,"Avery Recycled Flexi-View Covers for Binding Systems","Office Supplies",Binders
FUR-FU-10004848,"Howard Miller 13-3/4" Diameter Brushed Chrome Round Wall Clock"",Furniture,Furnishings
OFF-EN-10001509,"Poly String Tie Envelopes","Office Supplies",Envelopes
OFF-AR-10004042,"BOSTON Model 1800 Electric Pencil Sharpeners, Putty/Woodgrain","Office Supplies",Art
OFF-AR-10001683,"Lumber Crayons","Office Supplies",Art
OFF-PA-10000249,"Easy-staple paper","Office Supplies",Paper
TEC-PH-10004977,"GE 30524EE4",Technology,Phones
FUR-FU-10003664,"Electrix Architect's Clamp-On Swing Arm Lamp, Black",Furniture,Furnishings
OFF-EN-10002986,"#10-4 1/8" x 9 1/2"" Premium Diagonal Seam Envelopes"","Office Supplies",Envelopes
FUR-BO-10002545,"Atlantic Metals Mobile 3-Shelf Bookcases, Custom Colors",Furniture,Bookcases
FUR-CH-10004218,"Global Fabric Manager's Chair, Dark Gray",Furniture,Chairs
TEC-PH-10000486,"Plantronics HL10 Handset Lifter",Technology,Phones
TEC-PH-10004093,"Panasonic Kx-TS550",Technology,Phones
OFF-ST-10003479,"Eldon Base for stackable storage shelf, platinum","Office Supplies",Storage
OFF-ST-10003282,"Advantus 10-Drawer Portable Organizer, Chrome Metal Frame, Smoke Drawers","Office Supplies",Storage
TEC-AC-10000171,"Verbatim 25 GB 6x Blu-ray Single Layer Recordable Disc, 25/Pack",Technology,Accessories
OFF-BI-10003291,"Wilson Jones Leather-Like Binders with DublLock Round Rings","Office Supplies",Binders
OFF-ST-10001713,"Gould Plastics 9-Pocket Panel Bin, 18-3/8w x 5-1/4d x 20-1/2h, Black","Office Supplies",Storage
TEC-AC-10002167,"Imation 8gb Micro Traveldrive Usb 2.0 Flash Drive",Technology,Accessories
TEC-PH-10003988,"LF Elite 3D Dazzle Designer Hard Case Cover, Lf Stylus Pen and Wiper For Apple Iphone 5c Mini Lite",Technology,Phones
OFF-BI-10004410,"C-Line Peel & Stick Add-On Filing Pockets, 8-3/4 x 5-1/8, 10/Pack","Office Supplies",Binders
OFF-LA-10002762,"Avery 485","Office Supplies",Labels
FUR-FU-10001706,"Longer-Life Soft White Bulbs",Furniture,Furnishings
FUR-CH-10003061,"Global Leather Task Chair, Black",Furniture,Chairs
OFF-FA-10000304,"Advantus Push Pins","Office Supplies",Fasteners
TEC-PH-10002447,"AT&T CL83451 4-Handset Telephone",Technology,Phones
OFF-ST-10000604,"Home/Office Personal File Carts","Office Supplies",Storage
OFF-PA-10001569,"Xerox 232","Office Supplies",Paper
FUR-CH-10003968,"Novimex Turbo Task Chair",Furniture,Chairs
OFF-PA-10000587,"Array Parchment Paper, Assorted Colors","Office Supplies",Paper
OFF-BI-10001460,"Plastic Binding Combs","Office Supplies",Binders
OFF-AR-10001868,"Prang Dustless Chalk Sticks","Office Supplies",Art
TEC-AC-10004633,"Verbatim 25 GB 6x Blu-ray Single Layer Recordable Disc, 3/Pack",Technology,Accessories
OFF-BI-10001078,"Acco PRESSTEX Data Binder with Storage Hooks, Dark Blue, 14 7/8" X 11"""","Office Supplies",Binders
OFF-PA-10003892,"Xerox 1943","Office Supplies",Paper
FUR-FU-10000397,"Luxo Economy Swing Arm Lamp",Furniture,Furnishings
FUR-CH-10001146,"Global Value Mid-Back Manager's Chair, Gray",Furniture,Chairs
OFF-AR-10002671,"Hunt BOSTON Model 1606 High-Volume Electric Pencil Sharpener, Beige","Office Supplies",Art
TEC-PH-10002726,"netTALK DUO VoIP Telephone Service",Technology,Phones
OFF-PA-10000482,"Snap-A-Way Black Print Carbonless Ruled Speed Letter, Triplicate","Office Supplies",Paper
OFF-BI-10004654,"Avery Binding System Hidden Tab Executive Style Index Sets","Office Supplies",Binders
OFF-PA-10004675,"Telephone Message Books with Fax/Mobile Section, 5 1/2" x 3 3/16"""","Office Supplies",Paper
FUR-CH-10000513,"High-Back Leather Manager's Chair",Furniture,Chairs
FUR-FU-10003708,"Tenex Traditional Chairmats for Medium Pile Carpet, Standard Lip, 36" x 48"""",Furniture,Furnishings
OFF-ST-10004123,"Safco Industrial Wire Shelving System","Office Supplies",Storage
OFF-BI-10004182,"Economy Binders","Office Supplies",Binders
OFF-ST-10000615,"SimpliFile Personal File, Black Granite, 15w x 6-15/16d x 11-1/4h","Office Supplies",Storage
FUR-FU-10003194,"Eldon Expressions Desk Accessory, Wood Pencil Holder, Oak",Furniture,Furnishings
OFF-AP-10002118,"1.7 Cubic Foot Compact "Cube"" Office Refrigerators"","Office Supplies",Appliances
OFF-BI-10002309,"Avery Heavy-Duty EZD  Binder With Locking Rings","Office Supplies",Binders
OFF-AR-10002053,"Premium Writing Pencils, Soft, #2 by Central Association for the Blind","Office Supplies",Art
OFF-ST-10002370,"Sortfiler Multipurpose Personal File Organizer, Black","Office Supplies",Storage
OFF-EN-10000927,"Jet-Pak Recycled Peel 'N' Seal Padded Mailers","Office Supplies",Envelopes
OFF-ST-10003656,"Safco Industrial Wire Shelving","Office Supplies",Storage
FUR-CH-10000863,"Novimex Swivel Fabric Task Chair",Furniture,Chairs
TEC-AC-10001998,"Logitech LS21 Speaker System - PC Multimedia - 2.1-CH - Wired",Technology,Accessories
OFF-LA-10000134,"Avery 511","Office Supplies",Labels
OFF-ST-10003442,"Eldon Portable Mobile Manager","Office Supplies",Storage
OFF-AR-10004930,"Turquoise Lead Holder with Pocket Clip","Office Supplies",Art
OFF-PA-10000304,"Xerox 1995","Office Supplies",Paper
OFF-PA-10003177,"Xerox 1999","Office Supplies",Paper
FUR-FU-10003799,"Seth Thomas 13 1/2" Wall Clock"",Furniture,Furnishings
OFF-BI-10002852,"Ibico Standard Transparent Covers","Office Supplies",Binders
OFF-BI-10004738,"Flexible Leather- Look Classic Collection Ring Binder","Office Supplies",Binders
FUR-FU-10000629,"9-3/4 Diameter Round Wall Clock",Furniture,Furnishings
OFF-BI-10001721,"Trimflex Flexible Post Binders","Office Supplies",Binders
OFF-AP-10000358,"Fellowes Basic Home/Office Series Surge Protectors","Office Supplies",Appliances
OFF-PA-10003256,"Avery Personal Creations Heavyweight Cards","Office Supplies",Paper
TEC-AC-10001767,"SanDisk Ultra 64 GB MicroSDHC Class 10 Memory Card",Technology,Accessories
OFF-BI-10002609,"Avery Hidden Tab Dividers for Binding Systems","Office Supplies",Binders
OFF-PA-10004040,"Universal Premium White Copier/Laser Paper (20Lb. and 87 Bright)","Office Supplies",Paper
TEC-AC-10001552,"Logitech K350 2.4Ghz Wireless Keyboard",Technology,Accessories
FUR-FU-10004006,"Deflect-o DuraMat Lighweight, Studded, Beveled Mat for Low Pile Carpeting",Furniture,Furnishings
TEC-AC-10003499,"Memorex Mini Travel Drive 8 GB USB 2.0 Flash Drive",Technology,Accessories
TEC-PH-10002844,"Speck Products Candyshell Flip Case",Technology,Phones
OFF-AR-10000390,"Newell Chalk Holder","Office Supplies",Art
TEC-AC-10000844,"Logitech Gaming G510s - Keyboard",Technology,Accessories
FUR-FU-10001934,"Magnifier Swing Arm Lamp",Furniture,Furnishings
OFF-AR-10000380,"Hunt PowerHouse Electric Pencil Sharpener, Blue","Office Supplies",Art
OFF-BI-10003981,"Avery Durable Plastic 1" Binders"","Office Supplies",Binders
OFF-FA-10000621,"OIC Colored Binder Clips, Assorted Sizes","Office Supplies",Fasteners
OFF-EN-10002600,"Redi-Strip #10 Envelopes, 4 1/8 x 9 1/2","Office Supplies",Envelopes
OFF-PA-10004965,"Xerox 1921","Office Supplies",Paper
OFF-EN-10002504,"Tyvek  Top-Opening Peel & Seel Envelopes, Plain White","Office Supplies",Envelopes
FUR-TA-10001768,"Hon Racetrack Conference Tables",Furniture,Tables
OFF-BI-10003650,"GBC DocuBind 300 Electric Binding Machine","Office Supplies",Binders
FUR-FU-10002157,"Artistic Insta-Plaque",Furniture,Furnishings
OFF-ST-10000777,"Companion Letter/Legal File, Black","Office Supplies",Storage
OFF-EN-10002500,"Globe Weis Peel & Seel First Class Envelopes","Office Supplies",Envelopes
TEC-PH-10003875,"KLD Oscar II Style Snap-on Ultra Thin Side Flip Synthetic Leather Cover Case for HTC One HTC M7",Technology,Phones
FUR-CH-10004063,"Global Deluxe High-Back Manager's Chair",Furniture,Chairs
FUR-TA-10004534,"Bevis 44 x 96 Conference Tables",Furniture,Tables
OFF-BI-10003274,"Avery Durable Slant Ring Binders, No Labels","Office Supplies",Binders
OFF-ST-10002974,"Trav-L-File Heavy-Duty Shuttle II, Black","Office Supplies",Storage
FUR-CH-10001146,"Global Task Chair, Black",Furniture,Chairs
FUR-FU-10003773,"Eldon Cleatmat Plus Chair Mats for High Pile Carpets",Furniture,Furnishings
TEC-PH-10002293,"Anker 36W 4-Port USB Wall Charger Travel Power Adapter for iPhone 5s 5c 5",Technology,Phones
OFF-PA-10002377,"Xerox 1916","Office Supplies",Paper
OFF-FA-10002780,Staples,"Office Supplies",Fasteners
OFF-PA-10001804,"Xerox 195","Office Supplies",Paper
OFF-PA-10001736,"Xerox 1880","Office Supplies",Paper
OFF-AR-10001149,"Sanford Colorific Colored Pencils, 12/Box","Office Supplies",Art
OFF-FA-10002988,"Ideal Clamps","Office Supplies",Fasteners
OFF-BI-10004781,"GBC Wire Binding Strips","Office Supplies",Binders
OFF-SU-10001218,"Fiskars Softgrip Scissors","Office Supplies",Supplies
OFF-AR-10000940,"Newell 343","Office Supplies",Art
OFF-EN-10004030,"Convenience Packs of Business Envelopes","Office Supplies",Envelopes
OFF-PA-10004327,"Xerox 1911","Office Supplies",Paper
OFF-AP-10001058,"Sanyo 2.5 Cubic Foot Mid-Size Office Refrigerators","Office Supplies",Appliances
FUR-FU-10000521,"Seth Thomas 14" Putty-Colored Wall Clock"",Furniture,Furnishings
TEC-PH-10000215,"Plantronics Cordless Phone Headset with In-line Volume - M214C",Technology,Phones
TEC-PH-10001448,"Anker Astro 15000mAh USB Portable Charger",Technology,Phones
OFF-BI-10002735,"GBC Prestige Therm-A-Bind Covers","Office Supplies",Binders
OFF-AP-10000326,"Belkin 7 Outlet SurgeMaster Surge Protector with Phone Protection","Office Supplies",Appliances
TEC-PH-10001254,"Jabra BIZ 2300 Duo QD Duo Corded Headset",Technology,Phones
OFF-PA-10001950,"Southworth 25% Cotton Antique Laid Paper & Envelopes","Office Supplies",Paper
OFF-PA-10002254,"Xerox 1883","Office Supplies",Paper
OFF-ST-10001590,"Tenex Personal Project File with Scoop Front Design, Black","Office Supplies",Storage
OFF-AR-10001547,"Newell 311","Office Supplies",Art
OFF-LA-10002475,"Avery 519","Office Supplies",Labels
TEC-PH-10004536,"Avaya 5420 Digital phone",Technology,Phones
OFF-PA-10002751,"Xerox 1920","Office Supplies",Paper
TEC-AC-10003657,"Lenovo 17-Key USB Numeric Keypad",Technology,Accessories
OFF-EN-10001990,"Staple envelope","Office Supplies",Envelopes
OFF-BI-10004002,"Wilson Jones International Size A4 Ring Binders","Office Supplies",Binders
OFF-AR-10004441,"BIC Brite Liner Highlighters","Office Supplies",Art
TEC-MA-10000822,"Lexmark MX611dhe Monochrome Laser Printer",Technology,Machines
OFF-ST-10000991,"Space Solutions HD Industrial Steel Shelving.","Office Supplies",Storage
FUR-CH-10004287,"SAFCO Arco Folding Chair",Furniture,Chairs
OFF-AR-10002656,"Sanford Liquid Accent Highlighters","Office Supplies",Art
OFF-AP-10002518,"Kensington 7 Outlet MasterPiece Power Center","Office Supplies",Appliances
TEC-PH-10003931,"JBL Micro Wireless Portable Bluetooth Speaker",Technology,Phones
OFF-PA-10000659,"Adams Phone Message Book, Professional, 400 Message Capacity, 5 3/6” x 11”","Office Supplies",Paper
OFF-PA-10001144,"Xerox 1913","Office Supplies",Paper
FUR-CH-10003817,"Global Value Steno Chair, Gray",Furniture,Chairs
OFF-AP-10000891,"Kensington 7 Outlet MasterPiece HOMEOFFICE Power Control Center","Office Supplies",Appliances
OFF-LA-10003148,"Avery 51","Office Supplies",Labels
OFF-AP-10002684,"Acco 7-Outlet Masterpiece Power Center, Wihtout Fax/Phone Line Protection","Office Supplies",Appliances
FUR-CH-10004698,"Padded Folding Chairs, Black, 4/Carton",Furniture,Chairs
OFF-SU-10002189,"Acme Rosewood Handle Letter Opener","Office Supplies",Supplies
OFF-AR-10001940,"Sanford Colorific Eraseable Coloring Pencils, 12 Count","Office Supplies",Art
OFF-ST-10003455,"Tenex File Box, Personal Filing Tote with Lid, Black","Office Supplies",Storage
TEC-AC-10004659,"Imation Secure+ Hardware Encrypted USB 2.0 Flash Drive; 16GB",Technology,Accessories
TEC-PH-10003273,"AT&T TR1909W",Technology,Phones
TEC-PH-10004896,"Nokia Lumia 521 (T-Mobile)",Technology,Phones
TEC-AC-10002345,"HP Standard 104 key PS/2 Keyboard",Technology,Accessories
OFF-BI-10001890,"Avery Poly Binder Pockets","Office Supplies",Binders
TEC-AC-10002323,"SanDisk Ultra 32 GB MicroSDHC Class 10 Memory Card",Technology,Accessories
OFF-ST-10001328,"Personal Filing Tote with Lid, Black/Gray","Office Supplies",Storage
FUR-BO-10002613,"Atlantic Metals Mobile 4-Shelf Bookcases, Custom Colors",Furniture,Bookcases
TEC-PH-10001552,"I Need's 3d Hello Kitty Hybrid Silicone Case Cover for HTC One X 4g with 3d Hello Kitty Stylus Pen Green/pink",Technology,Phones
OFF-PA-10000061,"Xerox 205","Office Supplies",Paper
OFF-AR-10003514,"4009 Highlighters by Sanford","Office Supplies",Art
OFF-AR-10004685,"Binney & Smith Crayola Metallic Colored Pencils, 8-Color Set","Office Supplies",Art
OFF-AR-10004027,"Binney & Smith inkTank Erasable Desk Highlighter, Chisel Tip, Yellow, 12/Box","Office Supplies",Art
OFF-ST-10001414,"Decoflex Hanging Personal Folder File","Office Supplies",Storage
OFF-PA-10002749,"Wirebound Message Books, 5-1/2 x 4 Forms, 2 or 4 Forms per Page","Office Supplies",Paper
OFF-PA-10002666,"Southworth 25% Cotton Linen-Finish Paper & Envelopes","Office Supplies",Paper
FUR-TA-10004289,"BoxOffice By Design Rectangular and Half-Moon Meeting Room Tables",Furniture,Tables
OFF-AP-10003622,"Bravo II Megaboss 12-Amp Hard Body Upright, Replacement Belts, 2 Belts per Pack","Office Supplies",Appliances
OFF-AP-10003217,"Eureka Sanitaire  Commercial Upright","Office Supplies",Appliances
FUR-FU-10002960,"Eldon 200 Class Desk Accessories, Burgundy",Furniture,Furnishings
TEC-PH-10001918,"Nortel Business Series Terminal T7208 Digital phone",Technology,Phones
OFF-ST-10000642,"Tennsco Lockers, Gray","Office Supplies",Storage
TEC-PH-10001700,"Panasonic KX-TG6844B Expandable Digital Cordless Telephone",Technology,Phones
OFF-FA-10000134,"Advantus Push Pins, Aluminum Head","Office Supplies",Fasteners
OFF-ST-10001522,"Gould Plastics 18-Pocket Panel Bin, 34w x 5-1/4d x 20-1/2h","Office Supplies",Storage
TEC-AC-10001266,"Memorex Micro Travel Drive 8 GB",Technology,Accessories
OFF-LA-10004544,"Avery 505","Office Supplies",Labels
FUR-BO-10004695,"O'Sullivan 2-Door Barrister Bookcase in Odessa Pine",Furniture,Bookcases
TEC-MA-10000864,"Cisco 9971 IP Video Phone Charcoal",Technology,Machines
TEC-AC-10000109,"Sony Micro Vault Click 16 GB USB 2.0 Flash Drive",Technology,Accessories
TEC-PH-10002563,"Adtran 1202752G1",Technology,Phones
OFF-FA-10000585,"OIC Bulk Pack Metal Binder Clips","Office Supplies",Fasteners
OFF-PA-10004000,"While You Were Out Pads, 50 per Pad, 4 x 5 1/4, Green Cycle","Office Supplies",Paper
FUR-FU-10000087,"Executive Impressions 14" Two-Color Numerals Wall Clock"",Furniture,Furnishings
TEC-MA-10001148,"Swingline SM12-08 MicroCut Jam Free Shredder",Technology,Machines
OFF-AR-10001958,"Stanley Bostitch Contemporary Electric Pencil Sharpeners","Office Supplies",Art
OFF-AR-10001026,"Sanford Uni-Blazer View Highlighters, Chisel Tip, Yellow","Office Supplies",Art
FUR-TA-10003748,"Bevis 36 x 72 Conference Tables",Furniture,Tables
OFF-ST-10002485,"Rogers Deluxe File Chest","Office Supplies",Storage
FUR-CH-10004860,"Global Low Back Tilter Chair",Furniture,Chairs
FUR-CH-10004477,"Global Push Button Manager's Chair, Indigo",Furniture,Chairs
OFF-BI-10001679,"GBC Instant Index System for Binding Systems","Office Supplies",Binders
FUR-TA-10001705,"Bush Advantage Collection Round Conference Table",Furniture,Tables
FUR-TA-10003473,"Bretford Rectangular Conference Table Tops",Furniture,Tables
FUR-FU-10004017,"Tenex Contemporary Contur Chairmats for Low and Medium Pile Carpet, Computer, 39" x 49"""",Furniture,Furnishings
TEC-AC-10003832,"Logitech P710e Mobile Speakerphone",Technology,Accessories
OFF-PA-10002479,"Xerox 4200 Series MultiUse Premium Copy Paper (20Lb. and 84 Bright)","Office Supplies",Paper
OFF-PA-10003349,"Xerox 1957","Office Supplies",Paper
FUR-FU-10000576,"Luxo Professional Fluorescent Magnifier Lamp with Clamp-Mount Base",Furniture,Furnishings
FUR-FU-10004351,"Staple-based wall hangings",Furniture,Furnishings
TEC-PH-10000011,"PureGear Roll-On Screen Protector",Technology,Phones
FUR-TA-10002607,"KI Conference Tables",Furniture,Tables
FUR-FU-10002505,"Eldon 100 Class Desk Accessories",Furniture,Furnishings
OFF-ST-10002276,"Safco Steel Mobile File Cart","Office Supplies",Storage
OFF-PA-10004082,"Adams Telephone Message Book w/Frequently-Called Numbers Space, 400 Messages per Book","Office Supplies",Paper
OFF-AP-10002945,"Honeywell Enviracaire Portable HEPA Air Cleaner for 17' x 22' Room","Office Supplies",Appliances
FUR-CH-10002965,"Global Leather Highback Executive Chair with Pneumatic Height Adjustment, Black",Furniture,Chairs
OFF-PA-10004569,"Wirebound Message Books, Two 4 1/4" x 5"" Forms per Page"","Office Supplies",Paper
OFF-ST-10001228,"Fellowes Personal Hanging Folder Files, Navy","Office Supplies",Storage
OFF-EN-10003296,"Tyvek Side-Opening Peel & Seel Expanding Envelopes","Office Supplies",Envelopes
TEC-PH-10001580,"Logitech Mobile Speakerphone P710e - speaker phone",Technology,Phones
TEC-AC-10000290,"Sabrent 4-Port USB 2.0 Hub",Technology,Accessories
OFF-ST-10002790,"Safco Industrial Shelving","Office Supplies",Storage
OFF-BI-10003460,"Acco 3-Hole Punch","Office Supplies",Binders
OFF-AP-10002203,"Eureka Disposable Bags for Sanitaire Vibra Groomer I Upright Vac","Office Supplies",Appliances
TEC-MA-10003353,"Xerox WorkCentre 6505DN Laser Multifunction Printer",Technology,Machines
TEC-PH-10001433,"Cisco Small Business SPA 502G VoIP phone",Technology,Phones
TEC-AC-10004469,"Microsoft Sculpt Comfort Mouse",Technology,Accessories
OFF-AR-10003602,"Quartet Omega Colored Chalk, 12/Pack","Office Supplies",Art
OFF-FA-10003472,"Bagged Rubber Bands","Office Supplies",Fasteners
OFF-ST-10004180,"Safco Commercial Shelving","Office Supplies",Storage
OFF-EN-10004386,"Recycled Interoffice Envelopes with String and Button Closure, 10 x 13","Office Supplies",Envelopes
OFF-ST-10003208,"Adjustable Depth Letter/Legal Cart","Office Supplies",Storage
TEC-AC-10003628,"Logitech 910-002974 M325 Wireless Mouse for Web Scrolling",Technology,Accessories
FUR-FU-10003274,"Regeneration Desk Collection",Furniture,Furnishings
OFF-BI-10002557,"Presstex Flexible Ring Binders","Office Supplies",Binders
OFF-AR-10001427,"Newell 330","Office Supplies",Art
OFF-PA-10000673,"Post-it “Important Message” Note Pad, Neon Colors, 50 Sheets/Pad","Office Supplies",Paper
OFF-ST-10000876,"Eldon Simplefile Box Office","Office Supplies",Storage
OFF-LA-10002043,"Avery 489","Office Supplies",Labels
OFF-BI-10004967,"Round Ring Binders","Office Supplies",Binders
TEC-PH-10001760,"Bose SoundLink Bluetooth Speaker",Technology,Phones
FUR-TA-10002903,"Bevis Round Bullnose 29" High Table Top"",Furniture,Tables
OFF-PA-10000474,"Easy-staple paper","Office Supplies",Paper
TEC-AC-10001956,"Microsoft Arc Touch Mouse",Technology,Accessories
OFF-PA-10004100,"Xerox 216","Office Supplies",Paper
OFF-BI-10000778,"GBC VeloBinder Electric Binding Machine","Office Supplies",Binders
OFF-SU-10000646,"Premier Automatic Letter Opener","Office Supplies",Supplies
OFF-FA-10002983,"Advantus SlideClip Paper Clips","Office Supplies",Fasteners
OFF-LA-10004689,"Avery 512","Office Supplies",Labels
TEC-AC-10002001,"Logitech Wireless Gaming Headset G930",Technology,Accessories
FUR-BO-10004709,"Bush Westfield Collection Bookcases, Medium Cherry Finish",Furniture,Bookcases
FUR-FU-10004091,"Howard Miller 13" Diameter Goldtone Round Wall Clock"",Furniture,Furnishings
FUR-CH-10001891,"Global Deluxe Office Fabric Chairs",Furniture,Chairs
FUR-FU-10002918,"Eldon ClusterMat Chair Mat with Cordless Antistatic Protection",Furniture,Furnishings
OFF-BI-10004593,"Ibico Laser Imprintable Binding System Covers","Office Supplies",Binders
OFF-FA-10004854,"Vinyl Coated Wire Paper Clips in Organizer Box, 800/Box","Office Supplies",Fasteners
OFF-PA-10002105,"Xerox 223","Office Supplies",Paper
OFF-PA-10004243,"Xerox 1939","Office Supplies",Paper
FUR-FU-10001861,"Floodlight Indoor Halogen Bulbs, 1 Bulb per Pack, 60 Watts",Furniture,Furnishings
OFF-BI-10002706,"Avery Premier Heavy-Duty Binder with Round Locking Rings","Office Supplies",Binders
FUR-TA-10002533,"BPI Conference Tables",Furniture,Tables
FUR-FU-10002671,"Electrix 20W Halogen Replacement Bulb for Zoom-In Desk Lamp",Furniture,Furnishings
OFF-AR-10003651,"Newell 350","Office Supplies",Art
OFF-BI-10001072,"GBC Clear Cover, 8-1/2 x 11, unpunched, 25 covers per pack","Office Supplies",Binders
OFF-AR-10002135,"Boston Heavy-Duty Trimline Electric Pencil Sharpeners","Office Supplies",Art
OFF-AR-10002804,"Faber Castell Col-Erase Pencils","Office Supplies",Art
FUR-FU-10001918,"C-Line Cubicle Keepers Polyproplyene Holder With Velcro Backings",Furniture,Furnishings
FUR-CH-10004086,"Hon 4070 Series Pagoda Armless Upholstered Stacking Chairs",Furniture,Chairs
FUR-FU-10001756,"Eldon Expressions Desk Accessory, Wood Photo Frame, Mahogany",Furniture,Furnishings
OFF-LA-10000634,"Avery 509","Office Supplies",Labels
FUR-FU-10001588,"Deflect-o SuperTray Unbreakable Stackable Tray, Letter, Black",Furniture,Furnishings
TEC-PH-10002398,"AT&T 1070 Corded Phone",Technology,Phones
OFF-PA-10001937,"Xerox 21","Office Supplies",Paper
OFF-AR-10003373,"Boston School Pro Electric Pencil Sharpener, 1670","Office Supplies",Art
FUR-CH-10002602,"DMI Arturo Collection Mission-style Design Wood Chair",Furniture,Chairs
TEC-MA-10002927,"Canon imageCLASS MF7460 Monochrome Digital Laser Multifunction Copier",Technology,Machines
TEC-AC-10000892,"NETGEAR N750 Dual Band Wi-Fi Gigabit Router",Technology,Accessories
OFF-FA-10000624,"OIC Binder Clips","Office Supplies",Fasteners
TEC-AC-10001908,"Logitech Wireless Headset h800",Technology,Accessories
FUR-FU-10001967,"Telescoping Adjustable Floor Lamp",Furniture,Furnishings
TEC-PH-10003645,"Aastra 57i VoIP phone",Technology,Phones
OFF-ST-10000675,"File Shuttle II and Handi-File, Black","Office Supplies",Storage
FUR-CH-10003312,"Hon 2090 “Pillow Soft” Series Mid Back Swivel/Tilt Chairs",Furniture,Chairs
OFF-LA-10001074,"Round Specialty Laser Printer Labels","Office Supplies",Labels
OFF-BI-10001524,"GBC Premium Transparent Covers with Diagonal Lined Pattern","Office Supplies",Binders
TEC-PH-10004614,"AT&T 841000 Phone",Technology,Phones
OFF-BI-10001153,"Ibico Recycled Grain-Textured Covers","Office Supplies",Binders
OFF-BI-10001982,"Wilson Jones Custom Binder Spines & Labels","Office Supplies",Binders
OFF-BI-10001922,"Storex Dura Pro Binders","Office Supplies",Binders
TEC-CO-10001449,"Hewlett Packard LaserJet 3310 Copier",Technology,Copiers
OFF-BI-10004140,"Avery Non-Stick Binders","Office Supplies",Binders
OFF-BI-10003314,"Tuff Stuff Recycled Round Ring Binders","Office Supplies",Binders
FUR-TA-10004575,"Hon 5100 Series Wood Tables",Furniture,Tables
OFF-AR-10000122,"Newell 314","Office Supplies",Art
OFF-AR-10001374,"BIC Brite Liner Highlighters, Chisel Tip","Office Supplies",Art
OFF-PA-10001970,"Xerox 1881","Office Supplies",Paper
OFF-BI-10002160,"Acco Hanging Data Binders","Office Supplies",Binders
OFF-BI-10004995,"GBC DocuBind P400 Electric Binding System","Office Supplies",Binders
FUR-BO-10002268,"Sauder Barrister Bookcases",Furniture,Bookcases
OFF-EN-10001137,"#10 Gummed Flap White Envelopes, 100/Box","Office Supplies",Envelopes
OFF-AR-10002399,"Dixon Prang Watercolor Pencils, 10-Color Set with Brush","Office Supplies",Art
OFF-PA-10002713,"Adams Phone Message Book, 200 Message Capacity, 8 1/16” x 11”","Office Supplies",Paper
OFF-AP-10001124,"Belkin 8 Outlet SurgeMaster II Gold Surge Protector with Phone Protection","Office Supplies",Appliances
OFF-LA-10001158,"Avery Address/Shipping Labels for Typewriters, 4" x 2"""","Office Supplies",Labels
FUR-CH-10000785,"Global Ergonomic Managers Chair",Furniture,Chairs
OFF-AR-10003732,"Newell 333","Office Supplies",Art
FUR-FU-10000023,"Eldon Wave Desk Accessories",Furniture,Furnishings
OFF-BI-10002412,"Wilson Jones “Snap” Scratch Pad Binder Tool for Ring Binders","Office Supplies",Binders
OFF-SU-10001225,"Staple remover","Office Supplies",Supplies
OFF-ST-10002406,"Pizazz Global Quick File","Office Supplies",Storage
OFF-PA-10002036,"Xerox 1930","Office Supplies",Paper
OFF-ST-10002205,"File Shuttle I and Handi-File","Office Supplies",Storage
TEC-AC-10003911,"NETGEAR AC1750 Dual Band Gigabit Smart WiFi Router",Technology,Accessories
OFF-AR-10000658,"Newell 324","Office Supplies",Art
TEC-AC-10002076,"Microsoft Natural Keyboard Elite",Technology,Accessories
OFF-PA-10003039,"Xerox 1960","Office Supplies",Paper
FUR-TA-10004915,"Office Impressions End Table, 20-1/2"H x 24""W x 20""D"",Furniture,Tables
OFF-AP-10000696,"Holmes Odor Grabber","Office Supplies",Appliances
OFF-ST-10003327,"Akro-Mils 12-Gallon Tote","Office Supplies",Storage
OFF-PA-10004734,"Southworth Structures Collection","Office Supplies",Paper
OFF-BI-10002225,"Square Ring Data Binders, Rigid 75 Pt. Covers, 11" x 14-7/8"""","Office Supplies",Binders
TEC-AC-10004708,"Sony 32GB Class 10 Micro SDHC R40 Memory Card",Technology,Accessories
FUR-TA-10000617,"Hon Practical Foundations 30 x 60 Training Table, Light Gray/Charcoal",Furniture,Tables
TEC-AC-10002335,"Logitech Media Keyboard K200",Technology,Accessories
TEC-MA-10001681,"Lexmark MarkNet N8150 Wireless Print Server",Technology,Machines
FUR-FU-10001935,"3M Hangers With Command Adhesive",Furniture,Furnishings
OFF-AR-10004757,"Crayola Colored Pencils","Office Supplies",Art
OFF-BI-10000050,"Angle-D Binders with Locking Rings, Label Holders","Office Supplies",Binders
TEC-PH-10003012,"Nortel Meridian M3904 Professional Digital phone",Technology,Phones
TEC-CO-10002313,"Canon PC1080F Personal Copier",Technology,Copiers
OFF-BI-10003982,"Wilson Jones Century Plastic Molded Ring Binders","Office Supplies",Binders
OFF-BI-10004492,"Tuf-Vin Binders","Office Supplies",Binders
OFF-ST-10000798,"2300 Heavy-Duty Transfer File Systems by Perma","Office Supplies",Storage
OFF-PA-10002552,"Xerox 1958","Office Supplies",Paper
OFF-SU-10002573,"Acme 10" Easy Grip Assistive Scissors"","Office Supplies",Supplies
OFF-ST-10001580,"Super Decoflex Portable Personal File","Office Supplies",Storage
OFF-ST-10000934,"Contico 72"H Heavy-Duty Storage System"","Office Supplies",Storage
TEC-AC-10000158,"Sony 64GB Class 10 Micro SDHC R40 Memory Card",Technology,Accessories
OFF-PA-10001947,"Xerox 1974","Office Supplies",Paper
OFF-AR-10003478,"Avery Hi-Liter EverBold Pen Style Fluorescent Highlighters, 4/Pack","Office Supplies",Art
OFF-AP-10004249,"Staple holder","Office Supplies",Appliances
TEC-CO-10004115,"Sharp AL-1530CS Digital Copier",Technology,Copiers
OFF-PA-10003724,"Wirebound Message Book, 4 per Page","Office Supplies",Paper
FUR-TA-10002041,"Bevis Round Conference Table Top, X-Base",Furniture,Tables
OFF-PA-10002893,"Wirebound Service Call Books, 5 1/2" x 4"""","Office Supplies",Paper
OFF-LA-10003766,"Self-Adhesive Removable Labels","Office Supplies",Labels
OFF-PA-10001970,"Xerox 1908","Office Supplies",Paper
FUR-BO-10001972,"O'Sullivan 4-Shelf Bookcase in Odessa Pine",Furniture,Bookcases
FUR-CH-10003956,"Novimex High-Tech Fabric Mesh Task Chair",Furniture,Chairs
OFF-PA-10000157,"Xerox 191","Office Supplies",Paper
OFF-AR-10004344,"Bulldog Vacuum Base Pencil Sharpener","Office Supplies",Art
FUR-CH-10004886,"Bevis Steel Folding Chairs",Furniture,Chairs
OFF-PA-10003845,"Xerox 1987","Office Supplies",Paper
OFF-AR-10001573,"American Pencil","Office Supplies",Art
OFF-EN-10000483,"White Envelopes, White Envelopes with Clear Poly Window","Office Supplies",Envelopes
TEC-AC-10004114,"KeyTronic 6101 Series - Keyboard - Black",Technology,Accessories
FUR-FU-10004712,"Westinghouse Mesh Shade Clip-On Gooseneck Lamp, Black",Furniture,Furnishings
OFF-ST-10000918,Crate-A-Files,"Office Supplies",Storage
FUR-CH-10000015,"Hon Multipurpose Stacking Arm Chairs",Furniture,Chairs
FUR-FU-10003347,"Coloredge Poster Frame",Furniture,Furnishings
OFF-BI-10001543,"GBC VeloBinder Manual Binding System","Office Supplies",Binders
TEC-MA-10000029,"Epson WorkForce WF-2530 All-in-One Printer, Copier Scanner",Technology,Machines
OFF-AR-10000369,"Design Ebony Sketching Pencil","Office Supplies",Art
OFF-BI-10004584,"GBC ProClick 150 Presentation Binding System","Office Supplies",Binders
OFF-ST-10000617,"Woodgrain Magazine Files by Perma","Office Supplies",Storage
OFF-ST-10003306,"Letter Size Cart","Office Supplies",Storage
OFF-BI-10000773,"Insertable Tab Post Binder Dividers","Office Supplies",Binders
TEC-AC-10002600,"Belkin QODE FastFit Bluetooth Keyboard",Technology,Accessories
TEC-MA-10002937,"Canon Color ImageCLASS MF8580Cdw Wireless Laser All-In-One Printer, Copier, Scanner",Technology,Machines
OFF-PA-10002230,"Xerox 1897","Office Supplies",Paper
FUR-CH-10003396,"Global Deluxe Steno Chair",Furniture,Chairs
FUR-FU-10000246,"Aluminum Document Frame",Furniture,Furnishings
OFF-ST-10000060,"Fellowes Bankers Box Staxonsteel Drawer File/Stacking System","Office Supplies",Storage
OFF-ST-10003058,"Eldon Mobile Mega Data Cart  Mega Stackable  Add-On Trays","Office Supplies",Storage
FUR-CH-10002372,"Office Star - Ergonomically Designed Knee Chair",Furniture,Chairs
OFF-LA-10001317,"Avery 520","Office Supplies",Labels
FUR-FU-10000206,"GE General Purpose, Extra Long Life, Showcase & Floodlight Incandescent Bulbs",Furniture,Furnishings
OFF-AR-10000588,"Newell 345","Office Supplies",Art
OFF-ST-10001469,"Fellowes Bankers Box Recycled Super Stor/Drawer","Office Supplies",Storage
OFF-AR-10001953,"Boston 1645 Deluxe Heavier-Duty Electric Pencil Sharpener","Office Supplies",Art
OFF-AR-10003156,"50 Colored Long Pencils","Office Supplies",Art
OFF-AR-10004974,"Newell 342","Office Supplies",Art
TEC-PH-10002365,"Belkin Grip Candy Sheer Case / Cover for iPhone 5 and 5S",Technology,Phones
OFF-ST-10000142,"Deluxe Rollaway Locking File with Drawer","Office Supplies",Storage
TEC-AC-10001772,"Memorex Mini Travel Drive 16 GB USB 2.0 Flash Drive",Technology,Accessories
FUR-CH-10000225,"Global Geo Office Task Chair, Gray",Furniture,Chairs
FUR-CH-10002331,"Hon 4700 Series Mobuis Mid-Back Task Chairs with Adjustable Arms",Furniture,Chairs
OFF-EN-10001415,"Staple envelope","Office Supplies",Envelopes
OFF-AP-10002472,"3M Office Air Cleaner","Office Supplies",Appliances
TEC-AC-10004571,"Logitech G700s Rechargeable Gaming Mouse",Technology,Accessories
OFF-BI-10001098,"Acco D-Ring Binder w/DublLock","Office Supplies",Binders
FUR-TA-10001889,"Bush Advantage Collection Racetrack Conference Table",Furniture,Tables
OFF-BI-10000315,"Poly Designer Cover & Back","Office Supplies",Binders
OFF-SU-10003505,"Premier Electric Letter Opener","Office Supplies",Supplies
OFF-AP-10002578,"Fellowes Premier Superior Surge Suppressor, 10-Outlet, With Phone and Remote","Office Supplies",Appliances
FUR-BO-10002824,"Bush Mission Pointe Library",Furniture,Bookcases
OFF-BI-10002194,"Cardinal Hold-It CD Pocket","Office Supplies",Binders
OFF-PA-10004071,"Eaton Premium Continuous-Feed Paper, 25% Cotton, Letter Size, White, 1000 Shts/Box","Office Supplies",Paper
OFF-ST-10002743,"SAFCO Boltless Steel Shelving","Office Supplies",Storage
FUR-BO-10001601,"Sauder Mission Library with Doors, Fruitwood Finish",Furniture,Bookcases
TEC-PH-10002680,"Samsung Galaxy Note 3",Technology,Phones
OFF-ST-10001321,"Decoflex Hanging Personal Folder File, Blue","Office Supplies",Storage
OFF-PA-10003465,"Xerox 1912","Office Supplies",Paper
TEC-PH-10000149,"Cisco SPA525G2 IP Phone - Wireless",Technology,Phones
OFF-AR-10003045,"Prang Colored Pencils","Office Supplies",Art
OFF-ST-10000689,"Fellowes Strictly Business Drawer File, Letter/Legal Size","Office Supplies",Storage
TEC-AC-10001445,"Imation USB 2.0 Swivel Flash Drive USB flash drive - 4 GB - Pink",Technology,Accessories
TEC-AC-10002567,"Logitech G602 Wireless Gaming Mouse",Technology,Accessories
OFF-LA-10003923,"Alphabetical Labels for Top Tab Filing","Office Supplies",Labels
FUR-BO-10001337,"O'Sullivan Living Dimensions 2-Shelf Bookcases",Furniture,Bookcases
TEC-PH-10001924,"iHome FM Clock Radio with Lightning Dock",Technology,Phones
TEC-PH-10001363,"Apple iPhone 5S",Technology,Phones
TEC-PH-10000376,"Square Credit Card Reader",Technology,Phones
TEC-AC-10000303,"Logitech M510 Wireless Mouse",Technology,Accessories
OFF-ST-10001809,"Fellowes Officeware Wire Shelving","Office Supplies",Storage
OFF-EN-10003845,"Colored Envelopes","Office Supplies",Envelopes
TEC-AC-10000991,"Sony Micro Vault Click 8 GB USB 2.0 Flash Drive",Technology,Accessories
FUR-TA-10001857,"Balt Solid Wood Rectangular Table",Furniture,Tables
OFF-EN-10001434,"Strathmore #10 Envelopes, Ultimate White","Office Supplies",Envelopes
OFF-BI-10002498,"Clear Mylar Reinforcing Strips","Office Supplies",Binders
FUR-FU-10004864,"Howard Miller 14-1/2" Diameter Chrome Round Wall Clock"",Furniture,Furnishings
FUR-FU-10000073,"Deflect-O Glasstique Clear Desk Accessories",Furniture,Furnishings
OFF-BI-10001670,"Vinyl Sectional Post Binders","Office Supplies",Binders
OFF-BI-10001658,"GBC Standard Therm-A-Bind Covers","Office Supplies",Binders
FUR-CH-10001215,"Global Troy Executive Leather Low-Back Tilter",Furniture,Chairs
OFF-BI-10000831,"Storex Flexible Poly Binders with Double Pockets","Office Supplies",Binders
OFF-PA-10000357,"White Dual Perf Computer Printout Paper, 2700 Sheets, 1 Part, Heavyweight, 20 lbs., 14 7/8 x 11","Office Supplies",Paper
OFF-AR-10001662,"Rogers Handheld Barrel Pencil Sharpener","Office Supplies",Art
OFF-AR-10003856,"Newell 344","Office Supplies",Art
OFF-ST-10001228,"Personal File Boxes with Fold-Down Carry Handle","Office Supplies",Storage
OFF-BI-10003527,"Fellowes PB500 Electric Punch Plastic Comb Binding Machine with Manual Bind","Office Supplies",Binders
FUR-FU-10001290,"Executive Impressions Supervisor Wall Clock",Furniture,Furnishings
TEC-AC-10002399,"SanDisk Cruzer 32 GB USB Flash Drive",Technology,Accessories
OFF-AR-10003811,"Newell 327","Office Supplies",Art
OFF-AR-10001246,"Newell 317","Office Supplies",Art
TEC-CO-10003236,"Canon Image Class D660 Copier",Technology,Copiers
OFF-ST-10004507,"Advantus Rolling Storage Box","Office Supplies",Storage
OFF-PA-10001667,"Great White Multi-Use Recycled Paper (20Lb. and 84 Bright)","Office Supplies",Paper
OFF-ST-10004459,"Tennsco Single-Tier Lockers","Office Supplies",Storage
OFF-ST-10000736,"Carina Double Wide Media Storage Towers in Natural & Black","Office Supplies",Storage
OFF-BI-10000285,"XtraLife ClearVue Slant-D Ring Binders by Cardinal","Office Supplies",Binders
TEC-PH-10003555,"Motorola HK250 Universal Bluetooth Headset",Technology,Phones
TEC-AC-10003832,"Imation 16GB Mini TravelDrive USB 2.0 Flash Drive",Technology,Accessories
OFF-FA-10002815,Staples,"Office Supplies",Fasteners
FUR-CH-10003379,"Global Commerce Series High-Back Swivel/Tilt Chairs",Furniture,Chairs
OFF-ST-10004963,"Eldon Gobal File Keepers","Office Supplies",Storage
OFF-SU-10002881,"Martin Yale Chadless Opener Electric Letter Opener","Office Supplies",Supplies
OFF-EN-10001335,"White Business Envelopes with Contemporary Seam, Recycled White Business Envelopes","Office Supplies",Envelopes
FUR-CH-10000595,"Safco Contoured Stacking Chairs",Furniture,Chairs
FUR-FU-10000448,"Tenex Chairmats For Use With Carpeted Floors",Furniture,Furnishings
TEC-PH-10000984,"Panasonic KX-TG9471B",Technology,Phones
OFF-ST-10001325,"Sterilite Officeware Hinged File Box","Office Supplies",Storage
OFF-BI-10002429,"Premier Elliptical Ring Binder, Black","Office Supplies",Binders
OFF-BI-10004528,"Cardinal Poly Pocket Divider Pockets for Ring Binders","Office Supplies",Binders
OFF-AP-10001271,"Eureka The Boss Cordless Rechargeable Stick Vac","Office Supplies",Appliances
FUR-CH-10002647,"Situations Contoured Folding Chairs, 4/Set",Furniture,Chairs
TEC-AC-10001432,"Enermax Aurora Lite Keyboard",Technology,Accessories
TEC-PH-10002262,"LG Electronics Tone+ HBS-730 Bluetooth Headset",Technology,Phones
TEC-AC-10001465,"SanDisk Cruzer 64 GB USB Flash Drive",Technology,Accessories
TEC-PH-10002597,"Xblue XB-1670-86 X16 Small Office Telephone - Titanium",Technology,Phones
FUR-FU-10000723,"Deflect-o EconoMat Studded, No Bevel Mat for Low Pile Carpeting",Furniture,Furnishings
OFF-BI-10000404,"Avery Printable Repositionable Plastic Tabs","Office Supplies",Binders
OFF-PA-10002986,"Xerox 1898","Office Supplies",Paper
OFF-SU-10001935,"Staple remover","Office Supplies",Supplies
FUR-CH-10002024,"HON 5400 Series Task Chairs for Big and Tall",Furniture,Chairs
FUR-FU-10003039,"Howard Miller 11-1/2" Diameter Grantwood Wall Clock"",Furniture,Furnishings
OFF-FA-10004248,"Advantus T-Pin Paper Clips","Office Supplies",Fasteners
OFF-ST-10001780,"Tennsco 16-Compartment Lockers with Coat Rack","Office Supplies",Storage
OFF-AR-10003560,"Zebra Zazzle Fluorescent Highlighters","Office Supplies",Art
OFF-LA-10001297,"Avery 473","Office Supplies",Labels
FUR-TA-10004256,"Bretford “Just In Time” Height-Adjustable Multi-Task Work Tables",Furniture,Tables
OFF-PA-10003441,"Xerox 226","Office Supplies",Paper
OFF-BI-10000069,"GBC Prepunched Paper, 19-Hole, for Binding Systems, 24-lb","Office Supplies",Binders
OFF-AP-10003914,"Sanitaire Vibra Groomer IR Commercial Upright Vacuum, Replacement Belts","Office Supplies",Appliances
FUR-FU-10004020,"Advantus Panel Wall Acrylic Frame",Furniture,Furnishings
OFF-FA-10003467,"Alliance Big Bands Rubber Bands, 12/Pack","Office Supplies",Fasteners
TEC-PH-10002496,"Cisco SPA301",Technology,Phones
OFF-PA-10004530,"Personal Creations Ink Jet Cards and Labels","Office Supplies",Paper
OFF-BI-10001107,"GBC White Gloss Covers, Plain Front","Office Supplies",Binders
OFF-PA-10004451,"Xerox 222","Office Supplies",Paper
FUR-CH-10004997,"Hon Every-Day Series Multi-Task Chairs",Furniture,Chairs
TEC-PH-10000347,"Cush Cases Heavy Duty Rugged Cover Case for Samsung Galaxy S5 - Purple",Technology,Phones
OFF-AR-10003394,"Newell 332","Office Supplies",Art
OFF-PA-10001450,"Rediform S.O.S. Phone Message Books","Office Supplies",Paper
OFF-SU-10001574,"Acme Value Line Scissors","Office Supplies",Supplies
OFF-SU-10004498,"Martin-Yale Premier Letter Opener","Office Supplies",Supplies
TEC-PH-10000586,"AT&T SB67148 SynJ",Technology,Phones
OFF-BI-10002764,"Recycled Pressboard Report Cover with Reinforced Top Hinge","Office Supplies",Binders
OFF-LA-10003930,"Dot Matrix Printer Tape Reel Labels, White, 5000/Box","Office Supplies",Labels
TEC-PH-10003800,"i.Sound Portable Power - 8000 mAh",Technology,Phones
OFF-PA-10002005,"Xerox 225","Office Supplies",Paper
OFF-PA-10004101,"Xerox 1894","Office Supplies",Paper
OFF-AR-10004078,"Newell 312","Office Supplies",Art
OFF-AP-10004708,"Fellowes Superior 10 Outlet Split Surge Protector","Office Supplies",Appliances
FUR-FU-10001979,"Dana Halogen Swing-Arm Architect Lamp",Furniture,Furnishings
OFF-SU-10004115,"Acme Stainless Steel Office Snips","Office Supplies",Supplies
TEC-PH-10001425,"Mophie Juice Pack Helium for iPhone",Technology,Phones
TEC-PH-10003963,"GE 2-Jack Phone Line Splitter",Technology,Phones
OFF-ST-10001490,"Hot File 7-Pocket, Floor Stand","Office Supplies",Storage
OFF-PA-10002120,"Xerox 1889","Office Supplies",Paper
OFF-BI-10000848,"Angle-D Ring Binders","Office Supplies",Binders
TEC-PH-10003092,"Motorola L804",Technology,Phones
OFF-LA-10004345,"Avery 493","Office Supplies",Labels
OFF-PA-10001204,"Xerox 1972","Office Supplies",Paper
TEC-PH-10004667,"Cisco 8x8 Inc. 6753i IP Business Phone System",Technology,Phones
OFF-BI-10002949,"Prestige Round Ring Binders","Office Supplies",Binders
FUR-FU-10003849,"DAX Metal Frame, Desktop, Stepped-Edge",Furniture,Furnishings
FUR-FU-10000010,"DAX Value U-Channel Document Frames, Easel Back",Furniture,Furnishings
OFF-BI-10002824,"Recycled Easel Ring Binders","Office Supplies",Binders
TEC-PH-10002538,"Grandstream GXP1160 VoIP phone",Technology,Phones
OFF-BI-10002103,"Cardinal Slant-D Ring Binder, Heavy Gauge Vinyl","Office Supplies",Binders
FUR-CH-10004853,"Global Manager's Adjustable Task Chair, Storm",Furniture,Chairs
OFF-AP-10000179,"Honeywell Enviracaire Portable HEPA Air Cleaner for up to 10 x 16 Room","Office Supplies",Appliances
OFF-ST-10001272,"Mini 13-1/2 Capacity Data Binder Rack, Pearl","Office Supplies",Storage
FUR-FU-10000221,"Master Caster Door Stop, Brown",Furniture,Furnishings
OFF-AP-10001563,"Belkin Premiere Surge Master II 8-outlet surge protector","Office Supplies",Appliances
OFF-ST-10001963,"Tennsco Regal Shelving Units","Office Supplies",Storage
TEC-AC-10001267,"Imation 32GB Pocket Pro USB 3.0 Flash Drive - 32 GB - Black - 1 P ...",Technology,Accessories
TEC-PH-10002103,"Jabra SPEAK 410",Technology,Phones
TEC-AC-10002857,"Verbatim 25 GB 6x Blu-ray Single Layer Recordable Disc, 1/Pack",Technology,Accessories
FUR-CH-10001482,"Office Star - Mesh Screen back chair with Vinyl seat",Furniture,Chairs
OFF-BI-10001989,"Premium Transparent Presentation Covers by GBC","Office Supplies",Binders
OFF-AP-10003287,"Tripp Lite TLP810NET Broadband Surge for Modem/Fax","Office Supplies",Appliances
OFF-BI-10004728,"Wilson Jones Turn Tabs Binder Tool for Ring Binders","Office Supplies",Binders
FUR-FU-10000732,"Eldon 200 Class Desk Accessories",Furniture,Furnishings
OFF-ST-10000585,"Economy Rollaway Files","Office Supplies",Storage
OFF-LA-10002787,"Avery 480","Office Supplies",Labels
OFF-PA-10001934,"Xerox 1993","Office Supplies",Paper
OFF-AP-10002457,"Eureka The Boss Plus 12-Amp Hard Box Upright Vacuum, Red","Office Supplies",Appliances
OFF-FA-10003112,Staples,"Office Supplies",Fasteners
OFF-AP-10002350,"Belkin F9H710-06 7 Outlet SurgeMaster Surge Protector","Office Supplies",Appliances
TEC-AC-10001142,"First Data FD10 PIN Pad",Technology,Accessories
TEC-AC-10001101,"Sony 16GB Class 10 Micro SDHC R40 Memory Card",Technology,Accessories
OFF-AP-10002439,"Tripp Lite Isotel 8 Ultra 8 Outlet Metal Surge","Office Supplies",Appliances
OFF-BI-10002827,"Avery Durable Poly Binders","Office Supplies",Binders
OFF-EN-10002230,"Airmail Envelopes","Office Supplies",Envelopes
OFF-ST-10001511,"Space Solutions Commercial Steel Shelving","Office Supplies",Storage
OFF-SU-10004231,"Acme Tagit Stainless Steel Antibacterial Scissors","Office Supplies",Supplies
TEC-PH-10004042,"ClearOne Communications CHAT 70 OC Speaker Phone",Technology,Phones
FUR-FU-10003096,"Master Giant Foot Doorstop, Safety Yellow",Furniture,Furnishings
FUR-FU-10002759,"12-1/2 Diameter Round Wall Clock",Furniture,Furnishings
FUR-TA-10000688,"Chromcraft Bull-Nose Wood Round Conference Table Top, Wood Base",Furniture,Tables
OFF-AR-10001954,"Newell 331","Office Supplies",Art
OFF-AP-10004532,"Kensington 6 Outlet Guardian Standard Surge Protector","Office Supplies",Appliances
OFF-PA-10002137,"Southworth 100% Résumé Paper, 24lb.","Office Supplies",Paper
OFF-AP-10000804,"Hoover Portapower Portable Vacuum","Office Supplies",Appliances
TEC-AC-10003614,"Verbatim 25 GB 6x Blu-ray Single Layer Recordable Disc, 10/Pack",Technology,Accessories
FUR-FU-10003553,"Howard Miller 13-1/2" Diameter Rosebrook Wall Clock"",Furniture,Furnishings
OFF-BI-10004632,"Ibico Hi-Tech Manual Binding System","Office Supplies",Binders
OFF-BI-10003305,"Avery Hanging File Binders","Office Supplies",Binders
OFF-ST-10002583,"Fellowes Neat Ideas Storage Cubes","Office Supplies",Storage
TEC-MA-10004125,"Cubify CubeX 3D Printer Triple Head Print",Technology,Machines
OFF-LA-10001934,"Avery 516","Office Supplies",Labels
FUR-BO-10004015,"Bush Andora Bookcase, Maple/Graphite Gray Finish",Furniture,Bookcases
FUR-FU-10004071,"Luxo Professional Magnifying Clamp-On Fluorescent Lamps",Furniture,Furnishings
OFF-ST-10002444,"Recycled Eldon Regeneration Jumbo File","Office Supplies",Storage
TEC-AC-10002253,"Imation Bio 8GB USB Flash Drive Imation Corp",Technology,Accessories
OFF-PA-10000743,"Xerox 1977","Office Supplies",Paper
OFF-LA-10002312,"Avery 490","Office Supplies",Labels
OFF-LA-10003510,"Avery 4027 File Folder Labels for Dot Matrix Printers, 5000 Labels per Box, White","Office Supplies",Labels
OFF-AR-10001118,"Binney & Smith Crayola Metallic Crayons, 16-Color Pack","Office Supplies",Art
OFF-BI-10001575,"GBC Linen Binding Covers","Office Supplies",Binders
FUR-FU-10003394,"Tenex "The Solids"" Textured Chair Mats"",Furniture,Furnishings
FUR-TA-10002774,"Laminate Occasional Tables",Furniture,Tables
OFF-PA-10001800,"Xerox 220","Office Supplies",Paper
OFF-AP-10001469,"Fellowes 8 Outlet Superior Workstation Surge Protector","Office Supplies",Appliances
FUR-BO-10003272,"O'Sullivan Living Dimensions 5-Shelf Bookcases",Furniture,Bookcases
OFF-EN-10001219,"#10- 4 1/8" x 9 1/2"" Security-Tint Envelopes"","Office Supplies",Envelopes
OFF-AP-10001154,"Bionaire Personal Warm Mist Humidifier/Vaporizer","Office Supplies",Appliances
TEC-AC-10001606,"Logitech Wireless Performance Mouse MX for PC and Mac",Technology,Accessories
OFF-BI-10003355,"Cardinal Holdit Business Card Pockets","Office Supplies",Binders
FUR-FU-10002253,"Howard Miller 13" Diameter Pewter Finish Round Wall Clock"",Furniture,Furnishings
OFF-PA-10004092,"Tops Green Bar Computer Printout Paper","Office Supplies",Paper
FUR-TA-10000198,"Chromcraft Bull-Nose Wood Oval Conference Tables & Bases",Furniture,Tables
OFF-ST-10000036,"Recycled Data-Pak for Archival Bound Computer Printouts, 12-1/2 x 12-1/2 x 16","Office Supplies",Storage
FUR-FU-10000222,"Seth Thomas 16" Steel Case Clock"",Furniture,Furnishings
OFF-SU-10004664,"Acme Softgrip Scissors","Office Supplies",Supplies
OFF-EN-10001141,"Manila Recycled Extra-Heavyweight Clasp Envelopes, 6" x 9"""","Office Supplies",Envelopes
TEC-PH-10002170,"ClearSounds CSC500 Amplified Spirit Phone Corded phone",Technology,Phones
OFF-PA-10001954,"Xerox 1964","Office Supplies",Paper
FUR-TA-10002228,"Bevis Traditional Conference Table Top, Plinth Base",Furniture,Tables
OFF-ST-10004634,"Personal Folder Holder, Ebony","Office Supplies",Storage
TEC-AC-10003610,"Logitech Illuminated - Keyboard",Technology,Accessories
FUR-BO-10001619,"O'Sullivan Cherrywood Estates Traditional Bookcase",Furniture,Bookcases
OFF-BI-10000138,"Acco Translucent Poly Ring Binders","Office Supplies",Binders
TEC-AC-10001383,"Logitech Wireless Touch Keyboard K400",Technology,Accessories
OFF-LA-10003223,"Avery 508","Office Supplies",Labels
OFF-BI-10004094,"GBC Standard Plastic Binding Systems Combs","Office Supplies",Binders
OFF-PA-10004971,"Xerox 196","Office Supplies",Paper
TEC-PH-10000004,"Belkin iPhone and iPad Lightning Cable",Technology,Phones
OFF-BI-10003638,"GBC Durable Plastic Covers","Office Supplies",Binders
FUR-FU-10003577,"Nu-Dell Leatherette Frames",Furniture,Furnishings
OFF-BI-10000546,"Avery Durable Binders","Office Supplies",Binders
TEC-CO-10002095,"Hewlett Packard 610 Color Digital Copier / Printer",Technology,Copiers
FUR-TA-10001095,"Chromcraft Round Conference Tables",Furniture,Tables
OFF-LA-10004484,"Avery 476","Office Supplies",Labels
OFF-EN-10001532,"Brown Kraft Recycled Envelopes","Office Supplies",Envelopes
TEC-AC-10003174,"Plantronics S12 Corded Telephone Headset System",Technology,Accessories
OFF-BI-10004187,"3-ring staple pack","Office Supplies",Binders
OFF-ST-10000025,"Fellowes Stor/Drawer Steel Plus Storage Drawers","Office Supplies",Storage
FUR-FU-10004306,"Electrix Halogen Magnifier Lamp",Furniture,Furnishings
FUR-CH-10003746,"Hon 4070 Series Pagoda Round Back Stacking Chairs",Furniture,Chairs
OFF-BI-10001036,"Cardinal EasyOpen D-Ring Binders","Office Supplies",Binders
OFF-BI-10000301,"GBC Instant Report Kit","Office Supplies",Binders
OFF-AR-10004648,"Boston 19500 Mighty Mite Electric Pencil Sharpener","Office Supplies",Art
FUR-FU-10002597,"C-Line Magnetic Cubicle Keepers, Clear Polypropylene",Furniture,Furnishings
OFF-AR-10003405,"Dixon My First Ticonderoga Pencil, #2","Office Supplies",Art
FUR-CH-10002335,"Hon GuestStacker Chair",Furniture,Chairs
OFF-PA-10003657,"Xerox 1927","Office Supplies",Paper
FUR-BO-10004409,"Safco Value Mate Series Steel Bookcases, Baked Enamel Finish on Steel, Gray",Furniture,Bookcases
TEC-AC-10000057,"Microsoft Natural Ergonomic Keyboard 4000",Technology,Accessories
OFF-EN-10000056,"Cameo Buff Policy Envelopes","Office Supplies",Envelopes
OFF-BI-10000014,"Heavy-Duty E-Z-D Binders","Office Supplies",Binders
FUR-CH-10004675,"Lifetime Advantage Folding Chairs, 4/Carton",Furniture,Chairs
OFF-BI-10001132,"Acco PRESSTEX Data Binder with Storage Hooks, Dark Blue, 9 1/2" X 11"""","Office Supplies",Binders
FUR-CH-10003199,"Office Star - Contemporary Task Swivel Chair",Furniture,Chairs
TEC-PH-10001530,"Cisco Unified IP Phone 7945G VoIP phone",Technology,Phones
OFF-LA-10001569,"Avery 499","Office Supplies",Labels
OFF-PA-10000176,"Xerox 1887","Office Supplies",Paper
OFF-LA-10002271,"Smead Alpha-Z Color-Coded Second Alphabetical Labels and Starter Set","Office Supplies",Labels
FUR-FU-10004090,"Executive Impressions 14" Contract Wall Clock"",Furniture,Furnishings
OFF-AP-10000576,"Belkin 7 Outlet SurgeMaster II","Office Supplies",Appliances
OFF-PA-10003953,"Xerox 218","Office Supplies",Paper
FUR-FU-10000794,"Eldon Stackable Tray, Side-Load, Legal, Smoke",Furniture,Furnishings
OFF-AR-10001897,"Model L Table or Wall-Mount Pencil Sharpener","Office Supplies",Art
TEC-PH-10001795,"ClearOne CHATAttach 160 - speaker phone",Technology,Phones
TEC-AC-10004901,"Kensington SlimBlade Notebook Wireless Mouse with Nano Receiver ",Technology,Accessories
OFF-AR-10003190,"Newell 32","Office Supplies",Art
OFF-AP-10000240,"Belkin F9G930V10-GRY 9 Outlet Surge","Office Supplies",Appliances
TEC-AC-10001838,"Razer Tiamat Over Ear 7.1 Surround Sound PC Gaming Headset",Technology,Accessories
OFF-PA-10003651,"Xerox 1968","Office Supplies",Paper
OFF-BI-10003094,"Self-Adhesive Ring Binder Labels","Office Supplies",Binders
FUR-CH-10001394,"Global Leather Executive Chair",Furniture,Chairs
OFF-BI-10004230,"GBC Recycled Grain Textured Covers","Office Supplies",Binders
OFF-PA-10003395,"Xerox 1941","Office Supplies",Paper
TEC-AC-10002402,"Razer Kraken PRO Over Ear PC and Music Headset",Technology,Accessories
TEC-AC-10003441,"Kingston Digital DataTraveler 32GB USB 2.0",Technology,Accessories
OFF-FA-10002280,"Advantus Plastic Paper Clips","Office Supplies",Fasteners
OFF-SU-10000381,"Acme Forged Steel Scissors with Black Enamel Handles","Office Supplies",Supplies
OFF-EN-10004459,"Security-Tint Envelopes","Office Supplies",Envelopes
FUR-CH-10000665,"Global Airflow Leather Mesh Back Chair, Black",Furniture,Chairs
OFF-AP-10003884,"Fellowes Smart Surge Ten-Outlet Protector, Platinum","Office Supplies",Appliances
TEC-PH-10001557,"Pyle PMP37LED",Technology,Phones
TEC-PH-10002085,"Clarity 53712",Technology,Phones
OFF-AR-10002956,"Boston 16801 Nautilus Battery Pencil Sharpener","Office Supplies",Art
OFF-AP-10003266,"Holmes Replacement Filter for HEPA Air Cleaner, Large Room","Office Supplies",Appliances
TEC-MA-10004002,"Zebra GX420t Direct Thermal/Thermal Transfer Printer",Technology,Machines
OFF-BI-10001071,"GBC ProClick Punch Binding System","Office Supplies",Binders
OFF-PA-10001560,"Adams Telephone Message Books, 5 1/4” x 11”","Office Supplies",Paper
OFF-AR-10002578,"Newell 335","Office Supplies",Art
FUR-BO-10001519,"O'Sullivan 3-Shelf Heavy-Duty Bookcases",Furniture,Bookcases
OFF-BI-10001294,"Fellowes Binding Cases","Office Supplies",Binders
OFF-BI-10001636,"Ibico Plastic and Wire Spiral Binding Combs","Office Supplies",Binders
OFF-SU-10002503,"Acme Preferred Stainless Steel Scissors","Office Supplies",Supplies
OFF-LA-10004093,"Avery 486","Office Supplies",Labels
TEC-AC-10000710,"Maxell DVD-RAM Discs",Technology,Accessories
OFF-AR-10002335,"DIXON Oriole Pencils","Office Supplies",Art
OFF-PA-10001870,"Xerox 202","Office Supplies",Paper
OFF-PA-10001019,"Xerox 1884","Office Supplies",Paper
OFF-SU-10002537,"Acme Box Cutter Scissors","Office Supplies",Supplies
OFF-ST-10003221,"Staple magnet","Office Supplies",Storage
OFF-AR-10003752,"Deluxe Chalkboard Eraser Cleaner","Office Supplies",Art
TEC-AC-10001714,"Logitech MX Performance Wireless Mouse",Technology,Accessories
OFF-AR-10003958,"Newell 337","Office Supplies",Art
TEC-PH-10002923,"Logitech B530 USB Headset - headset - Full size, Binaural",Technology,Phones
OFF-LA-10004272,"Avery 482","Office Supplies",Labels
FUR-FU-10000965,"Howard Miller 11-1/2" Diameter Ridgewood Wall Clock"",Furniture,Furnishings
OFF-LA-10004853,"Avery 483","Office Supplies",Labels
OFF-BI-10003719,"Large Capacity Hanging Post Binders","Office Supplies",Binders
OFF-BI-10000545,"GBC Ibimaster 500 Manual ProClick Binding System","Office Supplies",Binders
OFF-PA-10003591,"Southworth 100% Cotton The Best Paper","Office Supplies",Paper
OFF-PA-10001790,"Xerox 1910","Office Supplies",Paper
TEC-AC-10002049,"Logitech G19 Programmable Gaming Keyboard",Technology,Accessories
OFF-BI-10003984,"Lock-Up Easel 'Spel-Binder'","Office Supplies",Binders
FUR-FU-10001424,"Dax Clear Box Frame",Furniture,Furnishings
OFF-BI-10002071,"Fellowes Black Plastic Comb Bindings","Office Supplies",Binders
OFF-ST-10002486,"Eldon Shelf Savers Cubes and Bins","Office Supplies",Storage
TEC-AC-10000927,"Anker Ultrathin Bluetooth Wireless Keyboard Aluminum Cover with Stand ",Technology,Accessories
OFF-AR-10003158,"Fluorescent Highlighters by Dixon","Office Supplies",Art
TEC-PH-10002660,"Nortel Networks T7316 E Nt8 B27",Technology,Phones
OFF-BI-10003364,"Binding Machine Supplies","Office Supplies",Binders
OFF-EN-10001099,"Staple envelope","Office Supplies",Envelopes
OFF-PA-10002250,"Things To Do Today Pad","Office Supplies",Paper
OFF-BI-10004716,"Wilson Jones Hanging Recycled Pressboard Data Binders","Office Supplies",Binders
OFF-LA-10001045,"Permanent Self-Adhesive File Folder Labels for Typewriters by Universal","Office Supplies",Labels
OFF-BI-10001510,"Deluxe Heavy-Duty Vinyl Round Ring Binder","Office Supplies",Binders
OFF-PA-10002947,"Xerox 1923","Office Supplies",Paper
OFF-PA-10000019,"Xerox 1931","Office Supplies",Paper
FUR-BO-10003441,"Bush Westfield Collection Bookcases, Fully Assembled",Furniture,Bookcases
TEC-PH-10004774,"Gear Head AU3700S Headset",Technology,Phones
OFF-BI-10003684,"Wilson Jones Legal Size Ring Binders","Office Supplies",Binders
TEC-PH-10001494,"Polycom CX600 IP Phone VoIP phone",Technology,Phones
TEC-AC-10004666,"Maxell iVDR EX 500GB Cartridge",Technology,Accessories
OFF-ST-10003816,"Fellowes High-Stak Drawer Files","Office Supplies",Storage
FUR-TA-10001520,"Lesro Sheffield Collection Coffee Table, End Table, Center Table, Corner Table",Furniture,Tables
OFF-ST-10001558,"Acco Perma 4000 Stacking Storage Drawers","Office Supplies",Storage
TEC-AC-10002473,"Maxell 4.7GB DVD-R",Technology,Accessories
TEC-PH-10004531,"OtterBox Commuter Series Case - iPhone 5 & 5s",Technology,Phones
OFF-AP-10004487,"Kensington 4 Outlet MasterPiece Compact Power Control Center","Office Supplies",Appliances
OFF-PA-10003543,"Xerox 1985","Office Supplies",Paper
TEC-AC-10004353,"Hypercom P1300 Pinpad",Technology,Accessories
OFF-AR-10001468,"Sanford Prismacolor Professional Thick Lead Art Pencils, 36-Color Set","Office Supplies",Art
OFF-BI-10004826,"JM Magazine Binder","Office Supplies",Binders
OFF-PA-10000289,"Xerox 213","Office Supplies",Paper
OFF-AP-10003040,"Fellowes 8 Outlet Superior Workstation Surge Protector w/o Phone/Fax/Modem Protection","Office Supplies",Appliances
OFF-ST-10001496,"Standard Rollaway File with Lock","Office Supplies",Storage
OFF-BI-10002931,"Avery Trapezoid Extra Heavy Duty 4" Binders"","Office Supplies",Binders
FUR-TA-10002356,"Bevis Boat-Shaped Conference Table",Furniture,Tables
FUR-FU-10003601,"Deflect-o RollaMat Studded, Beveled Mat for Medium Pile Carpeting",Furniture,Furnishings
FUR-TA-10004154,"Riverside Furniture Oval Coffee Table, Oval End Table, End Table with Drawer",Furniture,Tables
OFF-PA-10000788,"Xerox 210","Office Supplies",Paper
FUR-FU-10001940,"Staple-based wall hangings",Furniture,Furnishings
OFF-BI-10004465,"Avery Durable Slant Ring Binders","Office Supplies",Binders
FUR-FU-10004188,"Luxo Professional Combination Clamp-On Lamps",Furniture,Furnishings
OFF-BI-10000145,"Zipper Ring Binder Pockets","Office Supplies",Binders
OFF-LA-10001613,"Avery File Folder Labels","Office Supplies",Labels
OFF-LA-10004055,"Color-Coded Legal Exhibit Labels","Office Supplies",Labels
OFF-PA-10004621,"Xerox 212","Office Supplies",Paper
OFF-PA-10001281,"Computer Printout Paper with Letter-Trim Fine Perforations","Office Supplies",Paper
OFF-ST-10001097,"Office Impressions Heavy Duty Welded Shelving & Multimedia Storage Drawers","Office Supplies",Storage
FUR-FU-10001095,"DAX Black Cherry Wood-Tone Poster Frame",Furniture,Furnishings
OFF-BI-10002012,"Wilson Jones Easy Flow II Sheet Lifters","Office Supplies",Binders
OFF-PA-10004156,"Xerox 188","Office Supplies",Paper
OFF-AR-10000034,"BIC Brite Liner Grip Highlighters, Assorted, 5/Pack","Office Supplies",Art
TEC-PH-10000560,"Samsung Galaxy S III - 16GB - pebble blue (T-Mobile)",Technology,Phones
OFF-EN-10000461,"#10- 4 1/8" x 9 1/2"" Recycled Envelopes"","Office Supplies",Envelopes
TEC-MA-10003066,"Wasp CCD Handheld Bar Code Reader",Technology,Machines
OFF-BI-10004022,"Acco Suede Grain Vinyl Round Ring Binder","Office Supplies",Binders
OFF-AR-10001988,"Bulldog Table or Wall-Mount Pencil Sharpener","Office Supplies",Art
OFF-PA-10003625,"Xerox 1979","Office Supplies",Paper
OFF-BI-10003925,"Fellowes PB300 Plastic Comb Binding Machine","Office Supplies",Binders
TEC-PH-10001530,"Plantronics Voyager Pro Legend",Technology,Phones
OFF-EN-10003862,"Laser & Ink Jet Business Envelopes","Office Supplies",Envelopes
OFF-ST-10004258,"Portable Personal File Box","Office Supplies",Storage
FUR-FU-10002885,"Magna Visual Magnetic Picture Hangers",Furniture,Furnishings
TEC-AC-10003033,"Plantronics CS510 - Over-the-Head monaural Wireless Headset System",Technology,Accessories
OFF-ST-10000046,"Fellowes Super Stor/Drawer Files","Office Supplies",Storage
OFF-BI-10002049,"UniKeep View Case Binders","Office Supplies",Binders
OFF-ST-10003722,"Project Tote Personal File","Office Supplies",Storage
TEC-AC-10003198,"Enermax Acrylux Wireless Keyboard",Technology,Accessories
FUR-FU-10002191,"G.E. Halogen Desk Lamp Bulbs",Furniture,Furnishings
TEC-PH-10004188,"OtterBox Commuter Series Case - Samsung Galaxy S4",Technology,Phones
OFF-ST-10001526,"Iceberg Mobile Mega Data/Printer Cart ","Office Supplies",Storage
OFF-AR-10001166,"Staples in misc. colors","Office Supplies",Art
FUR-CH-10000309,"Global Comet Stacking Arm Chair",Furniture,Chairs
TEC-MA-10004212,"Cisco SPA525G2 5-Line IP Phone",Technology,Machines
OFF-EN-10003072,"Peel & Seel Envelopes","Office Supplies",Envelopes
OFF-BI-10000320,"GBC Plastic Binding Combs","Office Supplies",Binders
OFF-PA-10001166,"Xerox 2","Office Supplies",Paper
OFF-PA-10003656,"Xerox 1935","Office Supplies",Paper
TEC-PH-10000148,"Cyber Acoustics AC-202b Speech Recognition Stereo Headset",Technology,Phones
TEC-PH-10003885,"Cisco SPA508G",Technology,Phones
OFF-LA-10001175,"Avery 514","Office Supplies",Labels
OFF-PA-10000955,"Southworth 25% Cotton Granite Paper & Envelopes","Office Supplies",Paper
FUR-FU-10003975,"Eldon Advantage Chair Mats for Low to Medium Pile Carpets",Furniture,Furnishings
OFF-BI-10003707,"Aluminum Screw Posts","Office Supplies",Binders
OFF-AR-10000203,"Newell 336","Office Supplies",Art
OFF-AR-10004790,"Staples in misc. colors","Office Supplies",Art
TEC-AC-10004761,"Maxell 4.7GB DVD+RW 3/Pack",Technology,Accessories
FUR-BO-10001811,"Atlantic Metals Mobile 5-Shelf Bookcases, Custom Colors",Furniture,Bookcases
OFF-AR-10001130,"Quartet Alpha White Chalk, 12/Pack","Office Supplies",Art
OFF-AP-10000055,"Belkin F9S820V06 8 Outlet Surge","Office Supplies",Appliances
FUR-CH-10002304,"Global Stack Chair without Arms, Black",Furniture,Chairs
FUR-FU-10000293,"Eldon Antistatic Chair Mats for Low to Medium Pile Carpets",Furniture,Furnishings
OFF-PA-10001307,"Important Message Pads, 50 4-1/4 x 5-1/2 Forms per Pad","Office Supplies",Paper
FUR-FU-10004460,"Howard Miller 12" Round Wall Clock"",Furniture,Furnishings
OFF-AR-10000716,"DIXON Ticonderoga Erasable Checking Pencils","Office Supplies",Art
FUR-FU-10004622,"Eldon Advantage Foldable Chair Mats for Low Pile Carpets",Furniture,Furnishings
OFF-BI-10003529,"Avery Round Ring Poly Binders","Office Supplies",Binders
OFF-BI-10001097,"Avery Hole Reinforcements","Office Supplies",Binders
OFF-FA-10001754,"Stockwell Gold Paper Clips","Office Supplies",Fasteners
OFF-FA-10004838,"Super Bands, 12/Pack","Office Supplies",Fasteners
TEC-PH-10002115,"Plantronics 81402",Technology,Phones
OFF-FA-10003059,"Assorted Color Push Pins","Office Supplies",Fasteners
OFF-BI-10004330,"GBC Velobind Prepunched Cover Sets, Regency Series","Office Supplies",Binders
OFF-BI-10003669,"3M Organizer Strips","Office Supplies",Binders
OFF-BI-10003727,"Avery Durable Slant Ring Binders With Label Holder","Office Supplies",Binders
TEC-AC-10003447,"Micropad Numeric Keypads",Technology,Accessories
OFF-AR-10000255,"Newell 328","Office Supplies",Art
OFF-AP-10002191,"Belkin 8 Outlet SurgeMaster II Gold Surge Protector","Office Supplies",Appliances
OFF-PA-10000349,"Easy-staple paper","Office Supplies",Paper
FUR-CH-10002880,"Global High-Back Leather Tilter, Burgundy",Furniture,Chairs
OFF-PA-10003127,"Easy-staple paper","Office Supplies",Paper
TEC-MA-10003979,"Ativa V4110MDD Micro-Cut Shredder",Technology,Machines
OFF-PA-10000029,"Xerox 224","Office Supplies",Paper
OFF-LA-10000452,"Avery 488","Office Supplies",Labels
TEC-PH-10001819,"Innergie mMini Combo Duo USB Travel Charging Kit",Technology,Phones
OFF-AR-10002952,"Stanley Contemporary Battery Pencil Sharpeners","Office Supplies",Art
TEC-PH-10000576,"AT&T 1080 Corded phone",Technology,Phones
OFF-PA-10000605,"Xerox 1950","Office Supplies",Paper
OFF-ST-10004340,"Fellowes Mobile File Cart, Black","Office Supplies",Storage
OFF-BI-10004001,"GBC Recycled VeloBinder Covers","Office Supplies",Binders
FUR-TA-10004147,"Hon 4060 Series Tables",Furniture,Tables
OFF-AR-10001545,"Newell 326","Office Supplies",Art
TEC-AC-10001013,"Logitech ClearChat Comfort/USB Headset H390",Technology,Accessories
OFF-AR-10002255,"Newell 346","Office Supplies",Art
OFF-BI-10003676,"GBC Standard Recycled Report Covers, Clear Plastic Sheets","Office Supplies",Binders
OFF-FA-10003495,Staples,"Office Supplies",Fasteners
OFF-EN-10003798,"Recycled Interoffice Envelopes with Re-Use-A-Seal Closure, 10 x 13","Office Supplies",Envelopes
TEC-PH-10003589,"invisibleSHIELD by ZAGG Smudge-Free Screen Protector",Technology,Phones
OFF-PA-10004735,"Xerox 1905","Office Supplies",Paper
FUR-BO-10002206,"Bush Saratoga Collection 5-Shelf Bookcase, Hanover Cherry, *Special Order",Furniture,Bookcases
OFF-PA-10000141,"Ampad Evidence Wirebond Steno Books, 6" x 9"""","Office Supplies",Paper
TEC-PH-10001061,"Apple iPhone 5C",Technology,Phones
OFF-AR-10002375,"Newell 351","Office Supplies",Art
OFF-EN-10001539,"Staple envelope","Office Supplies",Envelopes
FUR-TA-10004086,"KI Adjustable-Height Table",Furniture,Tables
OFF-PA-10000100,"Xerox 1945","Office Supplies",Paper
OFF-LA-10000973,"Avery 502","Office Supplies",Labels
OFF-ST-10001476,"Steel Personal Filing/Posting Tote","Office Supplies",Storage
OFF-EN-10002831,"Tyvek  Top-Opening Peel & Seel  Envelopes, Gray","Office Supplies",Envelopes
OFF-PA-10001763,"Xerox 1896","Office Supplies",Paper
OFF-BI-10002072,"Cardinal Slant-D Ring Binders","Office Supplies",Binders
OFF-FA-10001561,"Stockwell Push Pins","Office Supplies",Fasteners
TEC-MA-10004241,"Star Micronics TSP800 TSP847IIU Receipt Printer",Technology,Machines
OFF-AP-10003849,"Hoover Shoulder Vac Commercial Portable Vacuum","Office Supplies",Appliances
OFF-FA-10000735,Staples,"Office Supplies",Fasteners
OFF-BI-10003350,"Acco Expandable Hanging Binders","Office Supplies",Binders
TEC-PH-10000307,"Shocksock Galaxy S4 Armband",Technology,Phones
TEC-CO-10004202,"Brother DCP1000 Digital 3 in 1 Multifunction Machine",Technology,Copiers
FUR-FU-10001852,"Eldon Regeneration Recycled Desk Accessories, Smoke",Furniture,Furnishings
OFF-AR-10003759,"Crayola Anti Dust Chalk, 12/Pack","Office Supplies",Art
OFF-ST-10004337,"SAFCO Commercial Wire Shelving, 72h","Office Supplies",Storage
FUR-TA-10001932,"Chromcraft 48" x 96"" Racetrack Double Pedestal Table"",Furniture,Tables
FUR-CH-10002126,"Hon Deluxe Fabric Upholstered Stacking Chairs",Furniture,Chairs
OFF-AP-10000576,"Belkin 325VA UPS Surge Protector, 6'","Office Supplies",Appliances
TEC-PH-10004700,"PowerGen Dual USB Car Charger",Technology,Phones
OFF-BI-10003429,"Cardinal HOLDit! Binder Insert Strips,Extra Strips","Office Supplies",Binders
FUR-FU-10004952,"C-Line Cubicle Keepers Polyproplyene Holder w/Velcro Back, 8-1/2x11, 25/Bx",Furniture,Furnishings
OFF-PA-10003172,"Xerox 1996","Office Supplies",Paper
OFF-ST-10002352,"Iris Project Case","Office Supplies",Storage
OFF-PA-10002259,"Geographics Note Cards, Blank, White, 8 1/2" x 11"""","Office Supplies",Paper
OFF-BI-10002976,"ACCOHIDE Binder by Acco","Office Supplies",Binders
OFF-LA-10004425,"Staple-on labels","Office Supplies",Labels
FUR-CH-10001270,"Harbour Creations Steel Folding Chair",Furniture,Chairs
TEC-PH-10004539,"Wireless Extenders zBoost YX545 SOHO Signal Booster",Technology,Phones
OFF-AR-10001919,"OIC #2 Pencils, Medium Soft","Office Supplies",Art
TEC-PH-10003655,"Sannysis Cute Owl Design Soft Skin Case Cover for Samsung Galaxy S4",Technology,Phones
OFF-BI-10004656,"Peel & Stick Add-On Corner Pockets","Office Supplies",Binders
OFF-ST-10002344,"Carina 42"Hx23 3/4""W Media Storage Unit"","Office Supplies",Storage
TEC-PH-10004447,"Toshiba IPT2010-SD IP Telephone",Technology,Phones
FUR-CH-10003973,"GuestStacker Chair with Chrome Finish Legs",Furniture,Chairs
OFF-PA-10000682,"Xerox 1924","Office Supplies",Paper
FUR-FU-10002268,"Ultra Door Push Plate",Furniture,Furnishings
TEC-AC-10001990,"Kensington Orbit Wireless Mobile Trackball for PC and Mac",Technology,Accessories
FUR-CH-10004540,"Global Chrome Stack Chair",Furniture,Chairs
OFF-ST-10002292,"Sauder Facets Collection Locker/File Cabinet, Sky Alder Finish","Office Supplies",Storage
OFF-AR-10004999,"Newell 315","Office Supplies",Art
OFF-BI-10001031,"Pressboard Data Binders by Wilson Jones","Office Supplies",Binders
OFF-BI-10002432,"Wilson Jones Standard D-Ring Binders","Office Supplies",Binders
FUR-FU-10001867,"Eldon Expressions Punched Metal & Wood Desk Accessories, Pewter & Cherry",Furniture,Furnishings
TEC-PH-10002200,"Samsung Galaxy Note 2",Technology,Phones
TEC-PH-10000439,"GE DSL Phone Line Filter",Technology,Phones
OFF-PA-10001685,"Easy-staple paper","Office Supplies",Paper
OFF-ST-10001418,"Carina Media Storage Towers in Natural & Black","Office Supplies",Storage
OFF-ST-10000676,"Fellowes Econo/Stor Drawers","Office Supplies",Storage
OFF-AR-10001022,"SANFORD Liquid Accent Tank-Style Highlighters","Office Supplies",Art
OFF-EN-10003055,"Blue String-Tie & Button Interoffice Envelopes, 10 x 13","Office Supplies",Envelopes
TEC-CO-10001046,"Canon Imageclass D680 Copier / Fax",Technology,Copiers
FUR-FU-10000076,"24-Hour Round Wall Clock",Furniture,Furnishings
FUR-FU-10003268,"Eldon Radial Chair Mat for Low to Medium Pile Carpets",Furniture,Furnishings
FUR-FU-10003691,"Eldon Image Series Desk Accessories, Ebony",Furniture,Furnishings
OFF-AR-10003903,"Sanford 52201 APSCO Electric Pencil Sharpener","Office Supplies",Art
TEC-PH-10003442,"Samsung Replacement EH64AVFWE Premium Headset",Technology,Phones
OFF-BI-10004519,"GBC DocuBind P100 Manual Binding Machine","Office Supplies",Binders
OFF-EN-10004955,"Fashion Color Clasp Envelopes","Office Supplies",Envelopes
FUR-TA-10004619,"Hon Non-Folding Utility Tables",Furniture,Tables
FUR-BO-10004467,"Bestar Classic Bookcase",Furniture,Bookcases
OFF-AR-10002280,"Staples in misc. colors","Office Supplies",Art
FUR-CH-10001708,"Office Star - Contemporary Swivel Chair with Padded Adjustable Arms and Flex Back",Furniture,Chairs
OFF-AR-10000462,"Sanford Pocket Accent Highlighters","Office Supplies",Art
TEC-PH-10004165,"Mitel MiVoice 5330e IP Phone",Technology,Phones
FUR-FU-10003724,"Westinghouse Clip-On Gooseneck Lamps",Furniture,Furnishings
FUR-FU-10003535,"Howard Miller Distant Time Traveler Alarm Clock",Furniture,Furnishings
OFF-ST-10003716,"Tennsco Double-Tier Lockers","Office Supplies",Storage
TEC-PH-10004586,"Wilson SignalBoost 841262 DB PRO Amplifier Kit",Technology,Phones
OFF-BI-10004236,"XtraLife ClearVue Slant-D Ring Binder, White, 3""","Office Supplies",Binders
OFF-AR-10000422,"Pencil and Crayon Sharpener","Office Supplies",Art
OFF-PA-10002870,"Ampad Phone Message Book, Recycled, 400 Message Capacity, 5 ¾” x 11”","Office Supplies",Paper
OFF-ST-10000563,"Fellowes Bankers Box Stor/Drawer Steel Plus","Office Supplies",Storage
OFF-BI-10002854,"Performers Binder/Pad Holder, Black","Office Supplies",Binders
FUR-CH-10001973,"Office Star Flex Back Scooter Chair with White Frame",Furniture,Chairs
TEC-AC-10000580,"Logitech G13 Programmable Gameboard with LCD Display",Technology,Accessories
OFF-AR-10004022,"Panasonic KP-380BK Classic Electric Pencil Sharpener","Office Supplies",Art
TEC-AC-10004209,"Memorex Froggy Flash Drive 4 GB",Technology,Accessories
TEC-AC-10000023,"Maxell 74 Minute CD-R Spindle, 50/Pack",Technology,Accessories
TEC-PH-10003505,"Geemarc AmpliPOWER60",Technology,Phones
OFF-LA-10000121,"Avery 48","Office Supplies",Labels
OFF-BI-10002026,"Avery Arch Ring Binders","Office Supplies",Binders
OFF-PA-10000994,"Xerox 1915","Office Supplies",Paper
OFF-BI-10002813,"Avery Reinforcements for Hole-Punch Pages","Office Supplies",Binders
OFF-AR-10004817,"Colorific Watercolor Pencils","Office Supplies",Art
OFF-AR-10001860,"BIC Liqua Brite Liner","Office Supplies",Art
OFF-BI-10004970,"ACCOHIDE 3-Ring Binder, Blue, 1""","Office Supplies",Binders
OFF-PA-10002968,"Xerox 1973","Office Supplies",Paper
OFF-BI-10004632,"GBC Binding covers","Office Supplies",Binders
FUR-BO-10003433,"Sauder Cornerstone Collection Library",Furniture,Bookcases
FUR-FU-10002554,"Westinghouse Floor Lamp with Metal Mesh Shade, Black",Furniture,Furnishings
TEC-PH-10003437,"Blue Parrot B250XT Professional Grade Wireless Bluetooth Headset with",Technology,Phones
OFF-AP-10003971,"Belkin 6 Outlet Metallic Surge Strip","Office Supplies",Appliances
FUR-CH-10003846,"Hon Valutask Swivel Chairs",Furniture,Chairs
OFF-LA-10001404,"Avery 517","Office Supplies",Labels
OFF-LA-10001474,"Avery 477","Office Supplies",Labels
FUR-FU-10004960,"Seth Thomas 12" Clock w/ Goldtone Case"",Furniture,Furnishings
TEC-AC-10003116,"Memorex Froggy Flash Drive 8 GB",Technology,Accessories
OFF-AP-10004859,"Acco 6 Outlet Guardian Premium Surge Suppressor","Office Supplies",Appliances
OFF-PA-10002659,"Avoid Verbal Orders Carbonless Minifold Book","Office Supplies",Paper
OFF-BI-10004139,"Fellowes Presentation Covers for Comb Binding Machines","Office Supplies",Binders
OFF-AR-10002818,"Panasonic KP-310 Heavy-Duty Electric Pencil Sharpener","Office Supplies",Art
OFF-AP-10001303,"Holmes Cool Mist Humidifier for the Whole House with 8-Gallon Output per Day, Extended Life Filter","Office Supplies",Appliances
OFF-ST-10002574,"SAFCO Commercial Wire Shelving, Black","Office Supplies",Storage
FUR-FU-10004018,"Tensor Computer Mounted Lamp",Furniture,Furnishings
TEC-PH-10002549,"Polycom SoundPoint IP 450 VoIP phone",Technology,Phones
OFF-PA-10004911,"Rediform S.O.S. 1-Up Phone Message Bk, 4-1/4x3-1/16 Bk, 1 Form/Pg, 40 Messages/Bk, 3/Pk","Office Supplies",Paper
TEC-MA-10002178,"Cisco CP-7937G Unified IP Conference Station Phone",Technology,Machines
OFF-AR-10000411,"Boston 16701 Slimline Battery Pencil Sharpener","Office Supplies",Art
OFF-LA-10000262,"Avery 494","Office Supplies",Labels
OFF-PA-10000466,"Memo Book, 100 Message Capacity, 5 3/8” x 11”","Office Supplies",Paper
OFF-AR-10003829,"Newell 35","Office Supplies",Art
OFF-BI-10001758,"Wilson Jones 14 Line Acrylic Coated Pressboard Data Binders","Office Supplies",Binders
OFF-BI-10000136,"Avery Non-Stick Heavy Duty View Round Locking Ring Binders","Office Supplies",Binders
OFF-ST-10000649,"Hanging Personal Folder File","Office Supplies",Storage
OFF-PA-10003641,"Xerox 1909","Office Supplies",Paper
FUR-CH-10002961,"Leather Task Chair, Black",Furniture,Chairs
OFF-PA-10004041,"It's Hot Message Books with Stickers, 2 3/4" x 5"""","Office Supplies",Paper
TEC-PH-10001336,"Digium D40 VoIP phone",Technology,Phones
TEC-MA-10003183,"DYMO CardScan Personal V9 Business Card Scanner",Technology,Machines
TEC-AC-10001314,"Case Logic 2.4GHz Wireless Keyboard",Technology,Accessories
TEC-AC-10004510,"Logitech Desktop MK120 Mouse and keyboard Combo",Technology,Accessories
OFF-BI-10000042,"Pressboard Data Binder, Crimson, 12" X 8 1/2"""","Office Supplies",Binders
FUR-TA-10003008,"Lesro Round Back Collection Coffee Table, End Table",Furniture,Tables
OFF-AP-10003590,"Hoover WindTunnel Plus Canister Vacuum","Office Supplies",Appliances
OFF-PA-10000806,"Xerox 1934","Office Supplies",Paper
OFF-AR-10000896,"Newell 329","Office Supplies",Art
TEC-PH-10002310,"Panasonic KX T7731-B Digital phone",Technology,Phones
OFF-PA-10001289,"White Computer Printout Paper by Universal","Office Supplies",Paper
OFF-FA-10000053,"Revere Boxed Rubber Bands by Revere","Office Supplies",Fasteners
FUR-FU-10004091,"Eldon 200 Class Desk Accessories, Black",Furniture,Furnishings
OFF-EN-10003001,"Ames Color-File Green Diamond Border X-ray Mailers","Office Supplies",Envelopes
FUR-TA-10002958,"Bevis Oval Conference Table, Walnut",Furniture,Tables
FUR-TA-10001676,"Hon 61000 Series Interactive Training Tables",Furniture,Tables
OFF-BI-10000822,"Acco PRESSTEX Data Binder with Storage Hooks, Light Blue, 9 1/2" X 11"""","Office Supplies",Binders
OFF-PA-10004888,"Xerox 217","Office Supplies",Paper
FUR-TA-10002622,"Bush Andora Conference Table, Maple/Graphite Gray Finish",Furniture,Tables
OFF-PA-10000418,"Xerox 189","Office Supplies",Paper
FUR-TA-10001039,"KI Adjustable-Height Table",Furniture,Tables
OFF-AR-10002240,"Panasonic KP-150 Electric Pencil Sharpener","Office Supplies",Art
OFF-BI-10002867,"GBC Recycled Regency Composition Covers","Office Supplies",Binders
FUR-FU-10003976,"DAX Executive Solid Wood Document Frame, Desktop or Hang, Mahogany, 5 x 7",Furniture,Furnishings
TEC-PH-10002922,"ShoreTel ShorePhone IP 230 VoIP phone",Technology,Phones
OFF-PA-10000501,"Petty Cash Envelope","Office Supplies",Paper
OFF-AP-10004980,"3M Replacement Filter for Office Air Cleaner for 20' x 33' Room","Office Supplies",Appliances
TEC-PH-10001750,"Samsung Rugby III",Technology,Phones
OFF-BI-10003708,"Acco Four Pocket Poly Ring Binder with Label Holder, Smoke, 1""","Office Supplies",Binders
OFF-BI-10001191,"Canvas Sectional Post Binders","Office Supplies",Binders
OFF-PA-10003673,"Strathmore Photo Mount Cards","Office Supplies",Paper
OFF-PA-10001639,"Xerox 203","Office Supplies",Paper
TEC-AC-10004975,"Plantronics Audio 995 Wireless Stereo Headset",Technology,Accessories
OFF-BI-10004364,"Storex Dura Pro Binders","Office Supplies",Binders
OFF-PA-10001712,"Xerox 1948","Office Supplies",Paper
FUR-CH-10004289,"Global Super Steno Chair",Furniture,Chairs
TEC-PH-10002564,"OtterBox Defender Series Case - Samsung Galaxy S4",Technology,Phones
OFF-BI-10004876,"Wilson Jones Suede Grain Vinyl Binders","Office Supplies",Binders
TEC-PH-10004348,"OtterBox Defender Series Case - iPhone 5c",Technology,Phones
OFF-BI-10004352,"Wilson Jones DublLock D-Ring Binders","Office Supplies",Binders
OFF-BI-10000666,"Surelock Post Binders","Office Supplies",Binders
TEC-MA-10000010,"Hewlett-Packard Deskjet 3050a All-in-One Color Inkjet Printer",Technology,Machines
OFF-BI-10000977,"Ibico Plastic Spiral Binding Combs","Office Supplies",Binders
FUR-TA-10002530,"Iceberg OfficeWorks 42" Round Tables"",Furniture,Tables
FUR-FU-10001473,"DAX Wood Document Frame",Furniture,Furnishings
OFF-BI-10001765,"Wilson Jones Heavy-Duty Casebound Ring Binders with Metal Hinges","Office Supplies",Binders
FUR-CH-10000847,"Global Executive Mid-Back Manager's Chair",Furniture,Chairs
OFF-PA-10001293,"Xerox 1946","Office Supplies",Paper
OFF-AR-10000634,"Newell 320","Office Supplies",Art
FUR-FU-10004270,"Eldon Image Series Desk Accessories, Burgundy",Furniture,Furnishings
OFF-AR-10003770,"Newell 340","Office Supplies",Art
OFF-LA-10003121,"Avery 506","Office Supplies",Labels
OFF-PA-10002262,"Xerox 192","Office Supplies",Paper
OFF-PA-10002464,"HP Office Recycled Paper (20Lb. and 87 Bright)","Office Supplies",Paper
OFF-ST-10002214,"X-Rack File for Hanging Folders","Office Supplies",Storage
OFF-PA-10000130,"Xerox 199","Office Supplies",Paper
TEC-AC-10000865,"WD My Passport Ultra 500GB Portable External Hard Drive",Technology,Accessories
OFF-FA-10003021,Staples,"Office Supplies",Fasteners
TEC-PH-10003580,"Cisco IP Phone 7961G-GE VoIP phone",Technology,Phones
TEC-AC-10001109,"Logitech Trackman Marble Mouse",Technology,Accessories
OFF-ST-10004950,"Acco Perma 3000 Stacking Storage Drawers","Office Supplies",Storage
OFF-PA-10003823,"Xerox 197","Office Supplies",Paper
TEC-PH-10001300,"iKross Bluetooth Portable Keyboard + Cell Phone Stand Holder + Brush for Apple iPhone 5S 5C 5, 4S 4",Technology,Phones
FUR-TA-10003715,"Hon 2111 Invitation Series Corner Table",Furniture,Tables
TEC-MA-10004458,"Lexmark X 9575 Professional All-in-One Color Printer",Technology,Machines
