product_id,product_name,total_orders,total_quantity_sold,total_sales
FUR-BO-10001798,"Bush Somerset Collection Bookcase",4,12,1263.9569999999999
FUR-CH-10000454,"Hon Deluxe Fabric Upholstered Stacking Chairs, Rounded Back",12,51,10637.527999999998
OFF-LA-10000240,"Self-Adhesive Address Labels for Typewriters by Universal",7,23,153.51
FUR-TA-10000577,"Bretford CR4500 Series Slim Rectangular Table",8,29,7242.768000000001
OFF-ST-10000760,"Eldon Fold 'N Roll Cart System",5,24,301.96799999999996
FUR-FU-10001487,"Eldon Expressions Wood and Plastic Desk Accessories, Cherry Wood",5,23,160.54
OFF-AR-10002833,"Newell 322",6,18,30.576
TEC-PH-10002275,"Mitel 5320 IP Phone VoIP phone",4,14,2116.688
OFF-BI-10003910,"DXL Angle-View Binders with Locking Rings by Samsill",10,35,215.109
OFF-AP-10002892,"Belkin F5C206VTEL 6 Outlet Surge",7,22,464.19599999999997
FUR-TA-10001539,"Chromcraft Rectangular Conference Tables",9,30,4952.673
TEC-PH-10002033,"Konftel 250 Conference phone - Charcoal black",4,9,2221.596
OFF-PA-10002365,"Xerox 1967",5,15,89.424
OFF-BI-10003656,"Fellowes PB200 Plastic Comb Binding Machine",9,38,4181.754
OFF-AP-10002311,"Holmes Replacement Filter for HEPA Air Cleaner, Very Large Room, HEPA Filter",10,26,1383.081
OFF-BI-10000756,"Storex DuraTech Recycled Plastic Frosted Binders",8,39,94.128
OFF-ST-10004186,"Stur-D-Stor Shelving, Vertical 5-Shelf: 72"H x 36""W x 18 1/2""D"",5,23,2552.54
OFF-ST-10000107,"Fellowes Super Stor/Drawer",4,18,477.3
OFF-AR-10003056,"Newell 341",7,23,96.72800000000001
TEC-PH-10001949,"Cisco SPA 501G IP Phone",1,3,213.48
OFF-BI-10002215,"Wilson Jones Hanging View Binder, White, 1""",7,23,143.42
OFF-AR-10000246,"Newell 318",5,23,61.716
OFF-AP-10001492,"Acco Six-Outlet Power Strip, 4' Cord Length",9,41,343.0760000000001
FUR-CH-10002774,"Global Deluxe Stacking Chair, Gray",7,19,764.6999999999999
OFF-BI-10001634,"Wilson Jones Active Use Binders",6,21,115.024
TEC-AC-10003027,"Imation 8GB Mini TravelDrive USB 2.0 Flash Drive",3,13,350.20399999999995
FUR-BO-10004834,"Riverside Palais Royal Lawyers Bookcase, Royale Cherry Finish",5,24,15610.9656
OFF-BI-10000474,"Avery Recycled Flexi-View Covers for Binding Systems",7,32,197.169
FUR-FU-10004848,"DAX Solid Wood Frames",12,44,1438.1319999999998
FUR-FU-10004848,"Howard Miller 13-3/4" Diameter Brushed Chrome Round Wall Clock"",12,44,1438.1319999999998
OFF-EN-10001509,"Poly String Tie Envelopes",11,35,68.136
OFF-AR-10004042,"BOSTON Model 1800 Electric Pencil Sharpeners, Putty/Woodgrain",6,30,496.24799999999993
OFF-AR-10001683,"Lumber Crayons",6,19,171.39
OFF-PA-10000249,"Easy-staple paper",6,17,196.48
TEC-PH-10004977,"GE 30524EE4",9,32,5291.7300000000005
FUR-FU-10003664,"Electrix Architect's Clamp-On Swing Arm Lamp, Black",5,33,2863.8
OFF-EN-10002986,"#10-4 1/8" x 9 1/2"" Premium Diagonal Seam Envelopes"",2,13,176.288
FUR-BO-10002545,"Atlantic Metals Mobile 3-Shelf Bookcases, Custom Colors",8,35,7539.7122
FUR-CH-10004218,"Global Fabric Manager's Chair, Dark Gray",9,35,3150.576
TEC-PH-10000486,"Plantronics HL10 Handset Lifter",3,24,2227.008
TEC-PH-10004093,"Panasonic Kx-TS550",7,23,846.216
OFF-ST-10003479,"Eldon Base for stackable storage shelf, platinum",7,25,872.2559999999999
OFF-ST-10003282,"Advantus 10-Drawer Portable Organizer, Chrome Metal Frame, Smoke Drawers",4,18,1051.776
TEC-AC-10000171,"Verbatim 25 GB 6x Blu-ray Single Layer Recordable Disc, 25/Pack",5,12,248.29199999999997
OFF-BI-10003291,"Wilson Jones Leather-Like Binders with DublLock Round Rings",12,46,238.329
OFF-ST-10001713,"Gould Plastics 9-Pocket Panel Bin, 18-3/8w x 5-1/4d x 20-1/2h, Black",6,20,953.82
TEC-AC-10002167,"Imation 8gb Micro Traveldrive Usb 2.0 Flash Drive",8,25,357
TEC-PH-10003988,"LF Elite 3D Dazzle Designer Hard Case Cover, Lf Stylus Pen and Wiper For Apple Iphone 5c Mini Lite",8,28,261.59999999999997
OFF-BI-10004410,"C-Line Peel & Stick Add-On Filing Pockets, 8-3/4 x 5-1/8, 10/Pack",4,21,85.995
OFF-LA-10002762,"Avery 485",8,51,639.03
FUR-FU-10001706,"Longer-Life Soft White Bulbs",10,44,115.19199999999998
FUR-CH-10003061,"Global Leather Task Chair, Black",8,19,1448.839
OFF-FA-10000304,"Advantus Push Pins",7,27,54.936
TEC-PH-10002447,"AT&T CL83451 4-Handset Telephone",4,10,1936.306
OFF-ST-10000604,"Home/Office Personal File Carts",7,30,980.232
OFF-PA-10001569,"Xerox 232",4,19,120.528
FUR-CH-10003968,"Novimex Turbo Task Chair",6,22,1341.522
OFF-PA-10000587,"Array Parchment Paper, Assorted Colors",4,15,106.288
OFF-BI-10001460,"Plastic Binding Combs",5,23,269.67
OFF-AR-10001868,"Prang Dustless Chalk Sticks",8,24,38.976000000000006
TEC-AC-10004633,"Verbatim 25 GB 6x Blu-ray Single Layer Recordable Disc, 3/Pack",6,30,184.53600000000003
OFF-BI-10001078,"Acco PRESSTEX Data Binder with Storage Hooks, Dark Blue, 14 7/8" X 11"""",7,37,175.388
OFF-PA-10003892,"Xerox 1943",4,16,743.432
FUR-FU-10000397,"Luxo Economy Swing Arm Lamp",5,17,338.98
FUR-CH-10001146,"Global Task Chair, Black",15,51,2442.0240000000003
FUR-CH-10001146,"Global Value Mid-Back Manager's Chair, Gray",15,51,2442.0240000000003
OFF-AR-10002671,"Hunt BOSTON Model 1606 High-Volume Electric Pencil Sharpener, Beige",1,8,1113.024
TEC-PH-10002726,"netTALK DUO VoIP Telephone Service",7,26,1112.788
OFF-PA-10000482,"Snap-A-Way Black Print Carbonless Ruled Speed Letter, Triplicate",6,28,1016.7919999999999
OFF-BI-10004654,"VariCap6 Expandable Binder",11,36,214.57300000000004
OFF-BI-10004654,"Avery Binding System Hidden Tab Executive Style Index Sets",11,36,214.57300000000004
OFF-PA-10004675,"Telephone Message Books with Fax/Mobile Section, 5 1/2" x 3 3/16"""",6,17,99.06
FUR-CH-10000513,"High-Back Leather Manager's Chair",9,42,4770.633
FUR-FU-10003708,"Tenex Traditional Chairmats for Medium Pile Carpet, Standard Lip, 36" x 48"""",6,24,1322.1699999999998
OFF-ST-10004123,"Safco Industrial Wire Shelving System",8,30,2511.0480000000002
OFF-BI-10004182,"Economy Binders",4,19,29.952
OFF-ST-10000615,"SimpliFile Personal File, Black Granite, 15w x 6-15/16d x 11-1/4h",8,32,347.31
FUR-FU-10003194,"Eldon Expressions Desk Accessory, Wood Pencil Holder, Oak",4,15,108.08
OFF-AP-10002118,"1.7 Cubic Foot Compact "Cube"" Office Refrigerators"",6,14,2706.08
OFF-BI-10002309,"Avery Heavy-Duty EZD  Binder With Locking Rings",6,28,110.48399999999998
OFF-AR-10002053,"Premium Writing Pencils, Soft, #2 by Central Association for the Blind",7,29,81.652
OFF-ST-10002370,"Sortfiler Multipurpose Personal File Organizer, Black",6,24,483.414
OFF-EN-10000927,"Jet-Pak Recycled Peel 'N' Seal Padded Mailers",4,19,552.706
OFF-ST-10003656,"Safco Industrial Wire Shelving",5,16,1363.058
FUR-CH-10000863,"Novimex Swivel Fabric Task Chair",8,25,2913.9139999999998
TEC-AC-10001998,"Logitech LS21 Speaker System - PC Multimedia - 2.1-CH - Wired",6,11,207.89600000000002
OFF-LA-10000134,"Avery 511",6,20,56.672
OFF-ST-10003442,"Eldon Portable Mobile Manager",9,34,899.3040000000001
OFF-AR-10004930,"Turquoise Lead Holder with Pocket Clip",3,6,37.52
OFF-PA-10000304,"Xerox 1995",6,22,121.824
OFF-PA-10003177,"Xerox 1999",7,17,98.49600000000001
FUR-FU-10003799,"Seth Thomas 13 1/2" Wall Clock"",5,20,316.48400000000004
OFF-BI-10002852,"Ibico Standard Transparent Covers",10,34,390.5760000000001
OFF-BI-10004738,"Flexible Leather- Look Classic Collection Ring Binder",6,13,142.05
FUR-FU-10000629,"9-3/4 Diameter Round Wall Clock",8,34,455.06999999999994
OFF-BI-10001721,"Trimflex Flexible Post Binders",4,21,346.356
OFF-AP-10000358,"Fellowes Basic Home/Office Series Surge Protectors",9,41,436.12800000000004
OFF-PA-10003256,"Avery Personal Creations Heavyweight Cards",3,11,103.85999999999999
TEC-AC-10001767,"SanDisk Ultra 64 GB MicroSDHC Class 10 Memory Card",6,25,927.768
OFF-BI-10002609,"Avery Hidden Tab Dividers for Binding Systems",7,24,31.588
OFF-PA-10004040,"Universal Premium White Copier/Laser Paper (20Lb. and 87 Bright)",5,24,129.168
TEC-AC-10001552,"Logitech K350 2.4Ghz Wireless Keyboard",5,25,1154.6640000000002
FUR-FU-10004006,"Deflect-o DuraMat Lighweight, Studded, Beveled Mat for Low Pile Carpeting",6,17,673.87
TEC-AC-10003499,"Memorex Mini Travel Drive 8 GB USB 2.0 Flash Drive",5,20,194.54399999999998
TEC-PH-10002844,"Speck Products Candyshell Flip Case",4,8,188.946
OFF-AR-10000390,"Newell Chalk Holder",7,21,83.426
TEC-AC-10000844,"Logitech Gaming G510s - Keyboard",8,31,2362.722
FUR-FU-10001934,"Magnifier Swing Arm Lamp",5,12,251.76000000000002
OFF-AR-10000380,"Hunt PowerHouse Electric Pencil Sharpener, Blue",10,44,1617.9480000000003
OFF-BI-10003981,"Avery Durable Plastic 1" Binders"",7,34,116.224
OFF-FA-10000621,"OIC Colored Binder Clips, Assorted Sizes",7,44,139.62
OFF-EN-10002600,"Redi-Strip #10 Envelopes, 4 1/8 x 9 1/2",7,35,93.22
OFF-PA-10004965,"Xerox 1921",3,7,55.944
OFF-EN-10002504,"Tyvek  Top-Opening Peel & Seel Envelopes, Plain White",7,24,570.7800000000001
FUR-TA-10001768,"Hon Racetrack Conference Tables",6,22,3963.901
OFF-BI-10003650,"GBC DocuBind 300 Electric Binding Machine",8,23,6785.142
FUR-FU-10002157,"Artistic Insta-Plaque",3,10,156.8
OFF-ST-10000777,"Companion Letter/Legal File, Black",5,17,611.712
OFF-EN-10002500,"Globe Weis Peel & Seel First Class Envelopes",7,30,375.73199999999997
TEC-PH-10003875,"KLD Oscar II Style Snap-on Ultra Thin Side Flip Synthetic Leather Cover Case for HTC One HTC M7",3,13,126.36
FUR-CH-10004063,"Global Deluxe High-Back Manager's Chair",8,35,8665.194
FUR-TA-10004534,"Bevis 44 x 96 Conference Tables",5,20,3253.2200000000003
OFF-BI-10003274,"Avery Durable Slant Ring Binders, No Labels",9,36,89.55
OFF-ST-10002974,"Trav-L-File Heavy-Duty Shuttle II, Black",7,30,1193.818
FUR-FU-10003773,"Eldon Cleatmat Plus Chair Mats for High Pile Carpets",5,20,1304.128
TEC-PH-10002293,"Anker 36W 4-Port USB Wall Charger Travel Power Adapter for iPhone 5s 5c 5",6,22,339.83
OFF-PA-10002377,"Xerox 1916",7,20,831.98
OFF-FA-10002780,Staples,5,37,92.976
OFF-PA-10001804,"Xerox 195",8,27,164.32799999999997
OFF-PA-10001736,"Xerox 1880",5,18,623.7439999999999
OFF-AR-10001149,"Avery Hi-Liter Comfort Grip Fluorescent Highlighter, Yellow Ink",7,30,80.952
OFF-AR-10001149,"Sanford Colorific Colored Pencils, 12/Box",7,30,80.952
OFF-FA-10002988,"Ideal Clamps",8,33,58.69199999999999
OFF-BI-10004781,"GBC Wire Binding Strips",5,14,212.658
OFF-SU-10001218,"Fiskars Softgrip Scissors",7,28,307.44
OFF-AR-10000940,"Newell 343",7,24,65.268
OFF-EN-10004030,"Convenience Packs of Business Envelopes",6,18,58.644000000000005
OFF-PA-10004327,"Xerox 1911",5,13,603.54
OFF-AP-10001058,"Sanyo 2.5 Cubic Foot Mid-Size Office Refrigerators",4,17,4476.96
FUR-FU-10000521,"Seth Thomas 14" Putty-Colored Wall Clock"",4,13,357.94800000000004
TEC-PH-10000215,"Plantronics Cordless Phone Headset with In-line Volume - M214C",6,27,908.7
TEC-PH-10001448,"Anker Astro 15000mAh USB Portable Charger",5,13,599.88
OFF-BI-10002735,"GBC Prestige Therm-A-Bind Covers",10,39,1073.903
OFF-AP-10000326,"Belkin 7 Outlet SurgeMaster Surge Protector with Phone Protection",1,5,157.92
TEC-PH-10001254,"Jabra BIZ 2300 Duo QD Duo Corded Headset",4,17,1727.064
OFF-PA-10001950,"Southworth 25% Cotton Antique Laid Paper & Envelopes",5,26,200.16
OFF-PA-10002254,"Xerox 1883",7,37,881.0919999999999
OFF-ST-10001590,"Tenex Personal Project File with Scoop Front Design, Black",10,40,517.6320000000001
OFF-AR-10001547,"Newell 311",8,30,61.43800000000001
OFF-LA-10002475,"Avery 519",6,18,121.346
TEC-PH-10004536,"Avaya 5420 Digital phone",3,12,1538.886
OFF-PA-10002751,"Xerox 1920",4,15,89.7
TEC-AC-10003657,"Lenovo 17-Key USB Numeric Keypad",5,13,367.092
OFF-EN-10001990,"Staple envelope",6,23,130.64
OFF-BI-10004002,"Wilson Jones International Size A4 Ring Binders",7,18,174.73000000000002
OFF-AR-10004441,"BIC Brite Liner Highlighters",7,23,86.11200000000001
TEC-MA-10000822,"Lexmark MX611dhe Monochrome Laser Printer",4,18,16829.901
OFF-ST-10000991,"Space Solutions HD Industrial Steel Shelving.",8,27,3035.2080000000005
FUR-CH-10004287,"SAFCO Arco Folding Chair",13,53,11572.78
OFF-AR-10002656,"Sanford Liquid Accent Highlighters",5,24,149.63199999999998
OFF-AP-10002518,"Kensington 7 Outlet MasterPiece Power Center",5,21,2883.276
TEC-PH-10003931,"JBL Micro Wireless Portable Bluetooth Speaker",6,17,779.87
OFF-PA-10000659,"TOPS Carbonless Receipt Book, Four 2-3/4 x 7-1/4 Money Receipts per Page",7,39,501.39199999999994
OFF-PA-10000659,"Adams Phone Message Book, Professional, 400 Message Capacity, 5 3/6” x 11”",7,39,501.39199999999994
OFF-PA-10001144,"Xerox 1913",5,17,865.488
FUR-CH-10003817,"Global Value Steno Chair, Gray",10,43,2204.8619999999996
OFF-AP-10000891,"Kensington 7 Outlet MasterPiece HOMEOFFICE Power Control Center",5,21,2491.2799999999997
OFF-LA-10003148,"Avery 51",5,16,95.75999999999999
OFF-AP-10002684,"Acco 7-Outlet Masterpiece Power Center, Wihtout Fax/Phone Line Protection",7,31,3039.4999999999995
FUR-CH-10004698,"Padded Folding Chairs, Black, 4/Carton",8,30,1830.1480000000001
OFF-SU-10002189,"Acme Rosewood Handle Letter Opener",3,12,43.67
OFF-AR-10001940,"Sanford Colorific Eraseable Coloring Pencils, 12 Count",4,15,45.919999999999995
OFF-ST-10003455,"Tenex File Box, Personal Filing Tote with Lid, Black",7,24,338.118
TEC-AC-10004659,"Imation Secure+ Hardware Encrypted USB 2.0 Flash Drive; 16GB",6,32,1926.9360000000001
TEC-PH-10003273,"AT&T TR1909W",4,15,1738.662
TEC-PH-10004896,"Nokia Lumia 521 (T-Mobile)",5,20,515.828
TEC-AC-10002345,"HP Standard 104 key PS/2 Keyboard",6,20,275.5
OFF-BI-10001890,"Avery Poly Binder Pockets",8,34,78.044
TEC-AC-10002323,"SanDisk Ultra 32 GB MicroSDHC Class 10 Memory Card",11,44,884.0000000000001
OFF-ST-10001328,"Personal Filing Tote with Lid, Black/Gray",8,31,459.096
FUR-BO-10002613,"Atlantic Metals Mobile 4-Shelf Bookcases, Custom Colors",6,27,5184.081
TEC-PH-10001552,"I Need's 3d Hello Kitty Hybrid Silicone Case Cover for HTC One X 4g with 3d Hello Kitty Stylus Pen Green/pink",10,52,542.984
OFF-PA-10000061,"Xerox 205",4,24,150.336
OFF-AR-10003514,"4009 Highlighters by Sanford",8,44,171.14
OFF-AR-10004685,"Binney & Smith Crayola Metallic Colored Pencils, 8-Color Set",7,20,88.896
OFF-AR-10004027,"Binney & Smith inkTank Erasable Desk Highlighter, Chisel Tip, Yellow, 12/Box",3,8,17.64
OFF-ST-10001414,"Decoflex Hanging Personal Folder File",1,3,46.26
OFF-PA-10002749,"Wirebound Message Books, 5-1/2 x 4 Forms, 2 or 4 Forms per Page",3,12,72.25200000000001
OFF-PA-10002666,"Southworth 25% Cotton Linen-Finish Paper & Envelopes",4,20,166.704
FUR-TA-10004289,"BoxOffice By Design Rectangular and Half-Moon Meeting Room Tables",3,15,1706.25
OFF-AP-10003622,"Bravo II Megaboss 12-Amp Hard Body Upright, Replacement Belts, 2 Belts per Pack",5,29,87.75
OFF-AP-10003217,"Eureka Sanitaire  Commercial Upright",3,12,1524.5320000000002
FUR-FU-10002960,"Eldon 200 Class Desk Accessories, Burgundy",5,25,135.648
TEC-PH-10001918,"Nortel Business Series Terminal T7208 Digital phone",3,9,1000.7280000000001
OFF-ST-10000642,"Tennsco Lockers, Gray",6,22,402.816
TEC-PH-10001700,"Panasonic KX-TG6844B Expandable Digital Cordless Telephone",7,22,1135.028
OFF-FA-10000134,"Advantus Push Pins, Aluminum Head",5,24,139.44
OFF-ST-10001522,"Gould Plastics 18-Pocket Panel Bin, 34w x 5-1/4d x 20-1/2h",10,28,2299.75
TEC-AC-10001266,"Memorex Micro Travel Drive 8 GB",8,26,299
OFF-LA-10004544,"Avery 505",7,28,372.96
FUR-BO-10004695,"O'Sullivan 2-Door Barrister Bookcase in Odessa Pine",7,31,4886.46
TEC-MA-10000864,"Cisco 9971 IP Video Phone Charcoal",2,16,4268
TEC-AC-10000109,"Sony Micro Vault Click 16 GB USB 2.0 Flash Drive",9,29,1489.334
TEC-PH-10002563,"Adtran 1202752G1",5,18,1990.642
OFF-FA-10000585,"OIC Bulk Pack Metal Binder Clips",8,30,92.136
OFF-PA-10004000,"While You Were Out Pads, 50 per Pad, 4 x 5 1/4, Green Cycle",4,13,50.138000000000005
FUR-FU-10000087,"Executive Impressions 14" Two-Color Numerals Wall Clock"",6,16,308.99199999999996
TEC-MA-10001148,"Okidata MB491 Multifunction Printer",5,22,5204.241
TEC-MA-10001148,"Swingline SM12-08 MicroCut Jam Free Shredder",5,22,5204.241
OFF-AR-10001958,"Stanley Bostitch Contemporary Electric Pencil Sharpeners",7,19,275.076
OFF-AR-10001026,"Sanford Uni-Blazer View Highlighters, Chisel Tip, Yellow",3,14,30.799999999999997
FUR-TA-10003748,"Bevis 36 x 72 Conference Tables",8,40,4332.2519999999995
OFF-ST-10002485,"Rogers Deluxe File Chest",8,22,443.99600000000004
FUR-CH-10004860,"Global Low Back Tilter Chair",8,21,1746.9540000000002
FUR-CH-10004477,"Global Push Button Manager's Chair, Indigo",9,44,2185.9510000000005
OFF-BI-10001679,"GBC Instant Index System for Binding Systems",5,19,71.928
FUR-TA-10001705,"Bush Advantage Collection Round Conference Table",4,19,3401.6000000000004
FUR-TA-10003473,"Bretford Rectangular Conference Table Tops",12,46,12995.291500000001
FUR-FU-10004017,"Executive Impressions 13" Chairman Wall Clock"",7,21,1264.582
FUR-FU-10004017,"Tenex Contemporary Contur Chairmats for Low and Medium Pile Carpet, Computer, 39" x 49"""",7,21,1264.582
TEC-AC-10003832,"Imation 16GB Mini TravelDrive USB 2.0 Flash Drive",18,75,11203.756000000003
TEC-AC-10003832,"Logitech P710e Mobile Speakerphone",18,75,11203.756000000003
OFF-PA-10002479,"Xerox 4200 Series MultiUse Premium Copy Paper (20Lb. and 84 Bright)",8,30,139.392
OFF-PA-10003349,"Xerox 1957",6,17,95.904
FUR-FU-10000576,"Luxo Professional Fluorescent Magnifier Lamp with Clamp-Mount Base",5,23,3861.056
FUR-FU-10004351,"Staple-based wall hangings",6,24,202.592
TEC-PH-10000011,"PureGear Roll-On Screen Protector",5,34,571.7139999999999
FUR-TA-10002607,"KI Conference Tables",8,44,2140.878
FUR-FU-10002505,"Eldon 100 Class Desk Accessories",4,18,36.396
OFF-ST-10002276,"Safco Steel Mobile File Cart",5,9,683.552
OFF-PA-10004082,"Adams Telephone Message Book w/Frequently-Called Numbers Space, 400 Messages per Book",7,28,223.44
OFF-AP-10002945,"Honeywell Enviracaire Portable HEPA Air Cleaner for 17' x 22' Room",8,40,11304.439999999999
FUR-CH-10002965,"Global Leather Highback Executive Chair with Pneumatic Height Adjustment, Black",11,39,5989.204000000001
OFF-PA-10004569,"Wirebound Message Books, Two 4 1/4" x 5"" Forms per Page"",6,15,109.584
OFF-ST-10001228,"Personal File Boxes with Fold-Down Carry Handle",9,36,462.32800000000003
OFF-ST-10001228,"Fellowes Personal Hanging Folder Files, Navy",9,36,462.32800000000003
OFF-EN-10003296,"Tyvek Side-Opening Peel & Seel Expanding Envelopes",5,14,1266.72
TEC-PH-10001580,"Logitech Mobile Speakerphone P710e - speaker phone",5,17,1916.716
TEC-AC-10000290,"Sabrent 4-Port USB 2.0 Hub",4,15,96.418
OFF-ST-10002790,"Safco Industrial Shelving",5,13,827.12
OFF-BI-10003460,"Acco 3-Hole Punch",9,36,137.532
OFF-AP-10002203,"Eureka Disposable Bags for Sanitaire Vibra Groomer I Upright Vac",1,2,1.624
TEC-MA-10003353,"Xerox WorkCentre 6505DN Laser Multifunction Printer",1,7,2519.958
TEC-PH-10001433,"Cisco Small Business SPA 502G VoIP phone",4,11,882.1020000000001
TEC-AC-10004469,"Microsoft Sculpt Comfort Mouse",10,42,1574.03
OFF-AR-10003602,"Quartet Omega Colored Chalk, 12/Pack",7,15,80.592
OFF-FA-10003472,"Bagged Rubber Bands",5,21,25.703999999999997
OFF-ST-10004180,"Safco Commercial Shelving",5,11,483.70399999999995
OFF-EN-10004386,"Recycled Interoffice Envelopes with String and Button Closure, 10 x 13",5,12,259.092
OFF-ST-10003208,"Adjustable Depth Letter/Legal Cart",12,45,7730.196
TEC-AC-10003628,"Logitech 910-002974 M325 Wireless Mouse for Web Scrolling",15,52,1409.5300000000002
FUR-FU-10003274,"Regeneration Desk Collection",5,21,35.904
OFF-BI-10002557,"Presstex Flexible Ring Binders",8,30,92.82000000000001
OFF-AR-10001427,"Newell 330",4,11,59.800000000000004
OFF-PA-10000673,"Post-it “Important Message” Note Pad, Neon Colors, 50 Sheets/Pad",2,9,62.608000000000004
OFF-ST-10000876,"Eldon Simplefile Box Office",8,30,345.832
OFF-LA-10002043,"Avery 489",5,16,159.39
OFF-BI-10004967,"Round Ring Binders",6,28,29.952
TEC-PH-10001760,"Bose SoundLink Bluetooth Speaker",5,18,2865.6
FUR-TA-10002903,"Bevis Round Bullnose 29" High Table Top"",5,24,4544.924999999999
OFF-PA-10000474,"Easy-staple paper",12,34,1105.7279999999998
TEC-AC-10001956,"Microsoft Arc Touch Mouse",2,7,359.70000000000005
OFF-PA-10004100,"Xerox 216",8,42,238.464
OFF-BI-10000778,"GBC VeloBinder Electric Binding Machine",4,15,496.0179999999999
OFF-SU-10000646,"Premier Automatic Letter Opener",5,14,2836.366
OFF-FA-10002983,"Advantus SlideClip Paper Clips",3,15,46.376000000000005
OFF-LA-10004689,"Avery 512",5,32,84.388
TEC-AC-10002001,"Logitech Wireless Gaming Headset G930",6,21,2879.8199999999997
FUR-BO-10004709,"Bush Westfield Collection Bookcases, Medium Cherry Finish",9,32,1426.8878
FUR-FU-10004091,"Eldon 200 Class Desk Accessories, Black",8,39,1117.4279999999999
FUR-FU-10004091,"Howard Miller 13" Diameter Goldtone Round Wall Clock"",8,39,1117.4279999999999
FUR-CH-10001891,"Global Deluxe Office Fabric Chairs",6,17,1420.5040000000001
FUR-FU-10002918,"Eldon ClusterMat Chair Mat with Cordless Antistatic Protection",5,18,1200.9360000000001
OFF-BI-10004593,"Ibico Laser Imprintable Binding System Covers",8,34,1100.4
OFF-FA-10004854,"Vinyl Coated Wire Paper Clips in Organizer Box, 800/Box",8,29,296.184
OFF-PA-10002105,"Xerox 223",3,9,58.31999999999999
OFF-PA-10004243,"Xerox 1939",5,22,417.34
FUR-FU-10001861,"Floodlight Indoor Halogen Bulbs, 1 Bulb per Pack, 60 Watts",6,24,434.56
OFF-BI-10002706,"Avery Premier Heavy-Duty Binder with Round Locking Rings",7,21,191.352
FUR-TA-10002533,"BPI Conference Tables",5,26,2241.8675
FUR-FU-10002671,"Electrix 20W Halogen Replacement Bulb for Zoom-In Desk Lamp",5,13,168.84
OFF-AR-10003651,"Newell 350",6,20,62.32000000000001
OFF-BI-10001072,"GBC Clear Cover, 8-1/2 x 11, unpunched, 25 covers per pack",4,15,136.44
OFF-AR-10002135,"Boston Heavy-Duty Trimline Electric Pencil Sharpeners",5,25,1166.4399999999998
OFF-AR-10002804,"Faber Castell Col-Erase Pencils",5,8,37.164
FUR-FU-10001918,"C-Line Cubicle Keepers Polyproplyene Holder With Velcro Backings",8,31,137.17
FUR-CH-10004086,"Hon 4070 Series Pagoda Armless Upholstered Stacking Chairs",8,34,8430.997000000001
FUR-FU-10001756,"Eldon Expressions Desk Accessory, Wood Photo Frame, Mahogany",6,20,262.75199999999995
OFF-LA-10000634,"Avery 509",4,13,32.364000000000004
FUR-FU-10001588,"Deflect-o SuperTray Unbreakable Stackable Tray, Letter, Black",4,18,437.70000000000005
TEC-PH-10002398,"AT&T 1070 Corded Phone",3,12,1070.3039999999999
OFF-PA-10001937,"Xerox 21",7,24,124.416
OFF-AR-10003373,"Boston School Pro Electric Pencil Sharpener, 1670",7,32,873.6359999999999
FUR-CH-10002602,"DMI Arturo Collection Mission-style Design Wood Chair",11,37,4619.988
TEC-MA-10002927,"Canon imageCLASS MF7460 Monochrome Digital Laser Multifunction Copier",1,2,3991.98
TEC-AC-10000892,"NETGEAR N750 Dual Band Wi-Fi Gigabit Router",7,22,1890
OFF-FA-10000624,"OIC Binder Clips",7,38,128.164
TEC-AC-10001908,"Logitech Wireless Headset h800",6,32,2799.72
FUR-FU-10001967,"Telescoping Adjustable Floor Lamp",6,10,143.928
TEC-PH-10003645,"Aastra 57i VoIP phone",7,26,3684.708
OFF-ST-10000675,"File Shuttle II and Handi-File, Black",7,34,1125.148
FUR-CH-10003312,"Hon 2090 “Pillow Soft” Series Mid Back Swivel/Tilt Chairs",6,24,5282.424
OFF-LA-10001074,"Round Specialty Laser Printer Labels",6,39,421.008
OFF-BI-10001524,"GBC Premium Transparent Covers with Diagonal Lined Pattern",14,67,780.4559999999998
TEC-PH-10004614,"AT&T 841000 Phone",7,28,1614.6
OFF-BI-10001153,"Ibico Recycled Grain-Textured Covers",4,8,141.614
OFF-BI-10001982,"Wilson Jones Custom Binder Spines & Labels",7,22,41.344
OFF-BI-10001922,"Storex Dura Pro Binders",5,33,153.25199999999998
TEC-CO-10001449,"Hewlett Packard LaserJet 3310 Copier",8,38,18839.686
OFF-BI-10004140,"Avery Non-Stick Binders",13,36,75.432
OFF-BI-10003314,"Tuff Stuff Recycled Round Ring Binders",9,23,80.494
FUR-TA-10004575,"Hon 5100 Series Wood Tables",7,26,5965.09
OFF-AR-10000122,"Newell 314",7,24,118.29599999999999
OFF-AR-10001374,"BIC Brite Liner Highlighters, Chisel Tip",6,21,123.11999999999999
OFF-PA-10001970,"Xerox 1908",19,70,2167.3479999999995
OFF-PA-10001970,"Xerox 1881",19,70,2167.3479999999995
OFF-BI-10002160,"Acco Hanging Data Binders",7,17,41.910000000000004
OFF-BI-10004995,"GBC DocuBind P400 Electric Binding System",6,27,17965.068
FUR-BO-10002268,"Sauder Barrister Bookcases",3,16,754.7336
OFF-EN-10001137,"#10 Gummed Flap White Envelopes, 100/Box",4,11,41.3
OFF-AR-10002399,"Dixon Prang Watercolor Pencils, 10-Color Set with Brush",7,27,110.75999999999999
OFF-PA-10002713,"Adams Phone Message Book, 200 Message Capacity, 8 1/16” x 11”",8,33,227.04
OFF-AP-10001124,"Belkin 8 Outlet SurgeMaster II Gold Surge Protector with Phone Protection",1,8,647.84
OFF-LA-10001158,"Avery Address/Shipping Labels for Typewriters, 4" x 2"""",7,28,277.38
FUR-CH-10000785,"Global Ergonomic Managers Chair",11,39,6008.536
OFF-AR-10003732,"Newell 333",11,33,86.736
FUR-FU-10000023,"Eldon Wave Desk Accessories",9,45,236.77799999999996
OFF-BI-10002412,"Wilson Jones “Snap” Scratch Pad Binder Tool for Ring Binders",5,22,100.92
OFF-SU-10001225,"Staple remover",8,24,80.224
OFF-ST-10002406,"Pizazz Global Quick File",6,24,353.29200000000003
OFF-PA-10002036,"Xerox 1930",5,24,138.67200000000003
OFF-ST-10002205,"File Shuttle I and Handi-File",3,13,262.668
TEC-AC-10003911,"NETGEAR AC1750 Dual Band Gigabit Smart WiFi Router",5,18,2623.8360000000002
OFF-AR-10000658,"Newell 324",7,23,263.34000000000003
TEC-AC-10002076,"Microsoft Natural Keyboard Elite",4,29,1497
OFF-PA-10003039,"Xerox 1960",6,32,879.8320000000001
FUR-TA-10004915,"Office Impressions End Table, 20-1/2"H x 24""W x 20""D"",5,23,5801.815999999999
OFF-AP-10000696,"Holmes Odor Grabber",8,30,357.616
OFF-ST-10003327,"Akro-Mils 12-Gallon Tote",4,13,113.202
OFF-PA-10004734,"Southworth Structures Collection",2,10,72.8
OFF-BI-10002225,"Square Ring Data Binders, Rigid 75 Pt. Covers, 11" x 14-7/8"""",7,22,334.36800000000005
TEC-AC-10004708,"Sony 32GB Class 10 Micro SDHC R40 Memory Card",4,12,251.4
FUR-TA-10000617,"Hon Practical Foundations 30 x 60 Training Table, Light Gray/Charcoal",6,22,4334.8275
TEC-AC-10002335,"Logitech Media Keyboard K200",4,16,503.856
TEC-MA-10001681,"Lexmark MarkNet N8150 Wireless Print Server",2,6,723.51
FUR-FU-10001935,"3M Hangers With Command Adhesive",8,33,108.04
OFF-AR-10004757,"Crayola Colored Pencils",11,40,120.70400000000001
OFF-BI-10000050,"Angle-D Binders with Locking Rings, Label Holders",10,42,197.82999999999998
TEC-PH-10003012,"Nortel Meridian M3904 Professional Digital phone",10,32,4434.912
TEC-CO-10002313,"Canon PC1080F Personal Copier",4,11,5999.9
OFF-BI-10003982,"Wilson Jones Century Plastic Molded Ring Binders",10,48,583.637
OFF-BI-10004492,"Tuf-Vin Binders",7,26,669.496
OFF-ST-10000798,"2300 Heavy-Duty Transfer File Systems by Perma",4,16,344.724
OFF-PA-10002552,"Xerox 1958",2,5,32.400000000000006
OFF-SU-10002573,"Acme 10" Easy Grip Assistive Scissors"",8,26,448.76800000000003
OFF-ST-10001580,"Super Decoflex Portable Personal File",5,13,179.76
OFF-ST-10000934,"Contico 72"H Heavy-Duty Storage System"",5,16,598.308
TEC-AC-10000158,"Sony 64GB Class 10 Micro SDHC R40 Memory Card",9,27,899.7500000000001
OFF-PA-10001947,"Xerox 1974",4,10,57.408
OFF-AR-10003478,"Avery Hi-Liter EverBold Pen Style Fluorescent Highlighters, 4/Pack",6,31,219.78
OFF-AP-10004249,"Staple holder",5,22,234.61200000000002
TEC-CO-10004115,"Sharp AL-1530CS Digital Copier",4,17,6399.872
OFF-PA-10003724,"Wirebound Message Book, 4 per Page",7,35,184.62
FUR-TA-10002041,"Bevis Round Conference Table Top, X-Base",6,20,2671.421
OFF-PA-10002893,"Wirebound Service Call Books, 5 1/2" x 4"""",5,13,125.84
OFF-LA-10003766,"Self-Adhesive Removable Labels",7,35,110.25
FUR-BO-10001972,"O'Sullivan 4-Shelf Bookcase in Odessa Pine",7,37,2740.197
FUR-CH-10003956,"Novimex High-Tech Fabric Mesh Task Chair",4,16,922.74
OFF-PA-10000157,"Xerox 191",10,39,767.232
OFF-AR-10004344,"Bulldog Vacuum Base Pencil Sharpener",6,31,330.924
FUR-CH-10004886,"Bevis Steel Folding Chairs",6,24,1775.075
OFF-PA-10003845,"Xerox 1987",4,16,92.48
OFF-AR-10001573,"American Pencil",6,21,48.93
OFF-EN-10000483,"White Envelopes, White Envelopes with Clear Poly Window",5,22,320.25
TEC-AC-10004114,"KeyTronic 6101 Series - Keyboard - Black",2,10,360.712
FUR-FU-10004712,"Westinghouse Mesh Shade Clip-On Gooseneck Lamp, Black",2,6,84.84
OFF-ST-10000918,Crate-A-Files,7,18,176.57999999999998
FUR-CH-10000015,"Hon Multipurpose Stacking Arm Chairs",6,36,6584.639999999999
FUR-FU-10003347,"Coloredge Poster Frame",6,21,298.2
OFF-BI-10001543,"GBC VeloBinder Manual Binding System",8,30,842.1660000000002
TEC-MA-10000029,"Epson WorkForce WF-2530 All-in-One Printer, Copier Scanner",2,4,279.96
OFF-AR-10000369,"Design Ebony Sketching Pencil",3,11,13.622
OFF-BI-10004584,"GBC ProClick 150 Presentation Binding System",5,22,3222.996
OFF-ST-10000617,"Woodgrain Magazine Files by Perma",6,24,69.136
OFF-ST-10003306,"Letter Size Cart",8,33,4600.092
OFF-BI-10000773,"Insertable Tab Post Binder Dividers",8,25,66.566
TEC-AC-10002600,"Belkin QODE FastFit Bluetooth Keyboard",2,9,495.6
TEC-MA-10002937,"Canon Color ImageCLASS MF8580Cdw Wireless Laser All-In-One Printer, Copier, Scanner",1,3,1007.979
OFF-PA-10002230,"Xerox 1897",4,16,67.72800000000001
FUR-CH-10003396,"Global Deluxe Steno Chair",10,29,1770.54
FUR-FU-10000246,"Aluminum Document Frame",5,22,244.39999999999998
OFF-ST-10000060,"Fellowes Bankers Box Staxonsteel Drawer File/Stacking System",8,43,2612.196
OFF-ST-10003058,"Eldon Mobile Mega Data Cart  Mega Stackable  Add-On Trays",6,30,709.5
FUR-CH-10002372,"Office Star - Ergonomically Designed Knee Chair",7,19,1311.8760000000002
OFF-LA-10001317,"Avery 520",5,15,46.620000000000005
FUR-FU-10000206,"GE General Purpose, Extra Long Life, Showcase & Floodlight Incandescent Bulbs",7,20,45.396
OFF-AR-10000588,"Newell 345",9,26,476.15999999999997
OFF-ST-10001469,"Fellowes Bankers Box Recycled Super Stor/Drawer",7,24,1187.56
OFF-AR-10001953,"Boston 1645 Deluxe Heavier-Duty Electric Pencil Sharpener",7,27,1073.112
OFF-AR-10003156,"50 Colored Long Pencils",5,14,138.176
OFF-AR-10004974,"Newell 342",1,3,9.84
TEC-PH-10002365,"Belkin Grip Candy Sheer Case / Cover for iPhone 5 and 5S",3,8,64.972
OFF-ST-10000142,"Deluxe Rollaway Locking File with Drawer",5,14,5572.792
TEC-AC-10001772,"Memorex Mini Travel Drive 16 GB USB 2.0 Flash Drive",6,45,718.65
FUR-CH-10000225,"Global Geo Office Task Chair, Gray",7,25,1757.266
FUR-CH-10002331,"Hon 4700 Series Mobuis Mid-Back Task Chairs with Adjustable Arms",6,24,7582.374
OFF-EN-10001415,"Staple envelope",5,11,54.684
OFF-AP-10002472,"3M Office Air Cleaner",2,10,259.8
TEC-AC-10004571,"Logitech G700s Rechargeable Gaming Mouse",9,25,2339.766
OFF-BI-10001098,"Acco D-Ring Binder w/DublLock",9,31,235.18
FUR-TA-10001889,"Bush Advantage Collection Racetrack Conference Table",7,33,9544.725
OFF-BI-10000315,"Poly Designer Cover & Back",7,35,451.96200000000005
OFF-SU-10003505,"Premier Electric Letter Opener",8,24,2641.6079999999997
OFF-AP-10002578,"Fellowes Premier Superior Surge Suppressor, 10-Outlet, With Phone and Remote",7,21,929.48
FUR-BO-10002824,"Bush Mission Pointe Library",3,6,748.8607999999999
OFF-BI-10002194,"Cardinal Hold-It CD Pocket",4,12,38.304
OFF-PA-10004071,"Eaton Premium Continuous-Feed Paper, 25% Cotton, Letter Size, White, 1000 Shts/Box",10,21,1098.5040000000001
OFF-ST-10002743,"SAFCO Boltless Steel Shelving",10,46,4704.696000000001
FUR-BO-10001601,"Sauder Mission Library with Doors, Fruitwood Finish",3,10,935.1972
TEC-PH-10002680,"Samsung Galaxy Note 3",3,13,2155.902
OFF-ST-10001321,"Decoflex Hanging Personal Folder File, Blue",9,35,518.112
OFF-PA-10003465,"Xerox 1912",4,11,201.082
TEC-PH-10000149,"Cisco SPA525G2 IP Phone - Wireless",5,26,426.93
OFF-AR-10003045,"Prang Colored Pencils",7,32,90.55199999999999
OFF-ST-10000689,"Fellowes Strictly Business Drawer File, Letter/Legal Size",7,33,4479.03
TEC-AC-10001445,"Imation USB 2.0 Swivel Flash Drive USB flash drive - 4 GB - Pink",3,14,42.42
TEC-AC-10002567,"Logitech G602 Wireless Gaming Mouse",9,29,1999.75
OFF-LA-10003923,"Alphabetical Labels for Top Tab Filing",9,37,518
FUR-BO-10001337,"O'Sullivan Living Dimensions 2-Shelf Bookcases",10,28,2970.059
TEC-PH-10001924,"iHome FM Clock Radio with Lightning Dock",5,13,699.8999999999999
TEC-PH-10001363,"Apple iPhone 5S",4,11,4901.914
TEC-PH-10000376,"Square Credit Card Reader",7,22,173.826
TEC-AC-10000303,"Logitech M510 Wireless Mouse",3,7,239.94
OFF-ST-10001809,"Fellowes Officeware Wire Shelving",11,55,4509.466
OFF-EN-10003845,"Colored Envelopes",5,16,50.922000000000004
TEC-AC-10000991,"Sony Micro Vault Click 8 GB USB 2.0 Flash Drive",4,13,582.6759999999999
FUR-TA-10001857,"Balt Solid Wood Rectangular Table",4,11,828.0964999999999
OFF-EN-10001434,"Strathmore #10 Envelopes, Ultimate White",4,12,632.52
OFF-BI-10002498,"Clear Mylar Reinforcing Strips",7,29,377.538
FUR-FU-10004864,"Eldon 500 Class Desk Accessories",13,46,1834.8119999999997
FUR-FU-10004864,"Howard Miller 14-1/2" Diameter Chrome Round Wall Clock"",13,46,1834.8119999999997
FUR-FU-10000073,"Deflect-O Glasstique Clear Desk Accessories",3,17,124.74
OFF-BI-10001670,"Vinyl Sectional Post Binders",11,40,901.0300000000001
OFF-BI-10001658,"GBC Standard Therm-A-Bind Covers",12,34,466.00399999999996
FUR-CH-10001215,"Global Troy Executive Leather Low-Back Tilter",9,32,12975.382
OFF-BI-10000831,"Storex Flexible Poly Binders with Double Pockets",3,9,10.824000000000002
OFF-PA-10000357,"Xerox 1888",12,48,2141.634
OFF-PA-10000357,"White Dual Perf Computer Printout Paper, 2700 Sheets, 1 Part, Heavyweight, 20 lbs., 14 7/8 x 11",12,48,2141.634
OFF-AR-10001662,"Rogers Handheld Barrel Pencil Sharpener",7,30,75.624
OFF-AR-10003856,"Newell 344",6,18,45.592
OFF-BI-10003527,"Fellowes PB500 Electric Punch Plastic Comb Binding Machine with Manual Bind",10,31,27453.384
FUR-FU-10001290,"Executive Impressions Supervisor Wall Clock",4,21,867.2599999999999
TEC-AC-10002399,"SanDisk Cruzer 32 GB USB Flash Drive",6,20,361.38
OFF-AR-10003811,"Newell 327",4,18,39.78
OFF-AR-10001246,"Newell 317",7,32,79.96799999999999
TEC-CO-10003236,"Canon Image Class D660 Copier",2,7,3959.9339999999997
OFF-ST-10004507,"Advantus Rolling Storage Box",10,27,428.74999999999994
OFF-PA-10001667,"Great White Multi-Use Recycled Paper (20Lb. and 84 Bright)",8,32,169.832
OFF-ST-10004459,"Tennsco Single-Tier Lockers",8,28,9158.296
OFF-ST-10000736,"Carina Double Wide Media Storage Towers in Natural & Black",12,39,3028.6520000000005
OFF-BI-10000285,"XtraLife ClearVue Slant-D Ring Binders by Cardinal",5,22,72.912
TEC-PH-10003555,"Motorola HK250 Universal Bluetooth Headset",9,41,832.238
OFF-FA-10002815,Staples,3,13,50.616
FUR-CH-10003379,"Global Commerce Series High-Back Swivel/Tilt Chairs",9,33,7979.4400000000005
OFF-ST-10004963,"Eldon Gobal File Keepers",6,24,348.21999999999997
OFF-SU-10002881,"Martin Yale Chadless Opener Electric Letter Opener",6,22,16656.199999999997
OFF-EN-10001335,"White Business Envelopes with Contemporary Seam, Recycled White Business Envelopes",6,34,336.952
FUR-CH-10000595,"Safco Contoured Stacking Chairs",8,27,5697.759999999999
FUR-FU-10000448,"Tenex Chairmats For Use With Carpeted Floors",4,11,175.78
TEC-PH-10000984,"Panasonic KX-TG9471B",7,27,4978.146
OFF-ST-10001325,"Sterilite Officeware Hinged File Box",11,35,345.84000000000003
OFF-BI-10002429,"Premier Elliptical Ring Binder, Black",9,46,526.612
OFF-BI-10004528,"Cardinal Poly Pocket Divider Pockets for Ring Binders",4,15,40.32000000000001
OFF-AP-10001271,"Eureka The Boss Cordless Rechargeable Stick Vac",6,19,948.228
FUR-CH-10002647,"Situations Contoured Folding Chairs, 4/Set",15,64,3641.2740000000003
TEC-AC-10001432,"Enermax Aurora Lite Keyboard",5,21,1641.15
TEC-PH-10002262,"LG Electronics Tone+ HBS-730 Bluetooth Headset",4,18,904.5519999999999
TEC-AC-10001465,"SanDisk Cruzer 64 GB USB Flash Drive",9,34,1184.0320000000002
TEC-PH-10002597,"Xblue XB-1670-86 X16 Small Office Telephone - Titanium",2,5,604.752
FUR-FU-10000723,"Deflect-o EconoMat Studded, No Bevel Mat for Low Pile Carpeting",9,33,1115.64
OFF-BI-10000404,"Avery Printable Repositionable Plastic Tabs",6,16,115.24
OFF-PA-10002986,"Xerox 1898",11,46,280.55999999999995
OFF-SU-10001935,"Staple remover",6,16,29.648
FUR-CH-10002024,"HON 5400 Series Task Chairs for Big and Tall",8,39,21870.576
FUR-FU-10003039,"Howard Miller 11-1/2" Diameter Grantwood Wall Clock"",6,14,500.308
OFF-FA-10004248,"Advantus T-Pin Paper Clips",5,16,64.042
OFF-ST-10001780,"Tennsco 16-Compartment Lockers with Coat Rack",5,13,7515.523999999999
OFF-AR-10003560,"Zebra Zazzle Fluorescent Highlighters",6,20,100.92800000000001
OFF-LA-10001297,"Avery 473",6,24,248.4
FUR-TA-10004256,"Bretford “Just In Time” Height-Adjustable Multi-Task Work Tables",4,17,5634.9
OFF-PA-10003441,"Xerox 226",11,53,334.368
OFF-BI-10000069,"GBC Prepunched Paper, 19-Hole, for Binding Systems, 24-lb",8,38,433.789
OFF-AP-10003914,"Sanitaire Vibra Groomer IR Commercial Upright Vacuum, Replacement Belts",1,5,13
FUR-FU-10004020,"Advantus Panel Wall Acrylic Frame",5,20,87.52
OFF-FA-10003467,"Alliance Big Bands Rubber Bands, 12/Pack",4,15,29.7
TEC-PH-10002496,"Cisco SPA301",9,30,4180.532
OFF-PA-10004530,"Personal Creations Ink Jet Cards and Labels",4,28,321.44
OFF-BI-10001107,"GBC White Gloss Covers, Plain Front",7,31,269.328
OFF-PA-10004451,"Xerox 222",7,22,134.784
FUR-CH-10004997,"Hon Every-Day Series Multi-Task Chairs",10,43,6748.482000000001
TEC-PH-10000347,"Cush Cases Heavy Duty Rugged Cover Case for Samsung Galaxy S5 - Purple",6,17,65.34
OFF-AR-10003394,"Newell 332",5,24,67.032
OFF-PA-10001450,"Rediform S.O.S. Phone Message Books",1,4,19.92
OFF-SU-10001574,"Acme Value Line Scissors",10,22,76.64999999999999
OFF-SU-10004498,"Martin-Yale Premier Letter Opener",7,20,236.99200000000002
TEC-PH-10000586,"AT&T SB67148 SynJ",3,8,475.128
OFF-BI-10002764,"Recycled Pressboard Report Cover with Reinforced Top Hinge",8,34,69.768
OFF-LA-10003930,"Dot Matrix Printer Tape Reel Labels, White, 5000/Box",8,36,3322.8780000000006
TEC-PH-10003800,"i.Sound Portable Power - 8000 mAh",5,9,413.322
OFF-PA-10002005,"Xerox 225",9,33,196.992
OFF-PA-10004101,"Xerox 1894",5,27,169.776
OFF-AR-10004078,"Newell 312",11,49,234.768
OFF-AP-10004708,"Fellowes Superior 10 Outlet Split Surge Protector",9,30,867.7680000000001
FUR-FU-10001979,"Dana Halogen Swing-Arm Architect Lamp",6,28,1114.384
OFF-SU-10004115,"Acme Stainless Steel Office Snips",4,13,81.424
TEC-PH-10001425,"Mophie Juice Pack Helium for iPhone",6,24,1583.8020000000001
TEC-PH-10003963,"GE 2-Jack Phone Line Splitter",3,11,1771.5140000000001
OFF-ST-10001490,"Hot File 7-Pocket, Floor Stand",13,49,8138.232
OFF-PA-10002120,"Xerox 1889",3,10,516.624
OFF-BI-10000848,"Angle-D Ring Binders",6,14,39.384
TEC-PH-10003092,"Motorola L804",6,19,607.068
OFF-LA-10004345,"Avery 493",4,13,55.974
OFF-PA-10001204,"Xerox 1972",5,10,46.464000000000006
TEC-PH-10004667,"Cisco 8x8 Inc. 6753i IP Business Phone System",6,26,2645.804
OFF-BI-10002949,"Prestige Round Ring Binders",8,21,85.728
FUR-FU-10003849,"DAX Metal Frame, Desktop, Stepped-Edge",5,11,161.92000000000002
FUR-FU-10000010,"DAX Value U-Channel Document Frames, Easel Back",10,36,175.938
OFF-BI-10002824,"Recycled Easel Ring Binders",9,35,308.844
TEC-PH-10002538,"Grandstream GXP1160 VoIP phone",6,24,803.692
OFF-BI-10002103,"Cardinal Slant-D Ring Binder, Heavy Gauge Vinyl",10,37,179.01399999999998
FUR-CH-10004853,"Global Manager's Adjustable Task Chair, Storm",6,23,2959.208
OFF-AP-10000179,"Honeywell Enviracaire Portable HEPA Air Cleaner for up to 10 x 16 Room",3,12,1320.1660000000002
OFF-ST-10001272,"Mini 13-1/2 Capacity Data Binder Rack, Pearl",5,12,1465.744
FUR-FU-10000221,"Master Caster Door Stop, Brown",9,38,176.78400000000002
OFF-AP-10001563,"Belkin Premiere Surge Master II 8-outlet surge protector",7,26,952.168
OFF-ST-10001963,"Tennsco Regal Shelving Units",4,18,1764.534
TEC-AC-10001267,"Imation 32GB Pocket Pro USB 3.0 Flash Drive - 32 GB - Black - 1 P ...",5,18,467.22
TEC-PH-10002103,"Jabra SPEAK 410",9,37,3158.0639999999994
TEC-AC-10002857,"Verbatim 25 GB 6x Blu-ray Single Layer Recordable Disc, 1/Pack",3,14,83.44
FUR-CH-10001482,"Office Star - Mesh Screen back chair with Vinyl seat",7,20,2200.464
OFF-BI-10001989,"Premium Transparent Presentation Covers by GBC",10,43,753.1820000000001
OFF-AP-10003287,"Tripp Lite TLP810NET Broadband Surge for Modem/Fax",6,22,937.8480000000001
OFF-BI-10004728,"Wilson Jones Turn Tabs Binder Tool for Ring Binders",13,59,212.08
FUR-FU-10000732,"Eldon 200 Class Desk Accessories",7,22,133.136
OFF-ST-10000585,"Economy Rollaway Files",7,20,3138.8
OFF-LA-10002787,"Avery 480",6,24,89.25
OFF-PA-10001934,"Xerox 1993",8,24,147.744
OFF-AP-10002457,"Eureka The Boss Plus 12-Amp Hard Box Upright Vacuum, Red",6,20,1674.3999999999999
OFF-FA-10003112,Staples,7,22,146.754
OFF-AP-10002350,"Belkin F9H710-06 7 Outlet SurgeMaster Surge Protector",8,29,516.2159999999999
TEC-AC-10001142,"First Data FD10 PIN Pad",5,24,1722.2
TEC-AC-10001101,"Sony 16GB Class 10 Micro SDHC R40 Memory Card",4,16,190.77200000000002
OFF-AP-10002439,"Tripp Lite Isotel 8 Ultra 8 Outlet Metal Surge",3,16,823.2520000000001
OFF-BI-10002827,"Avery Durable Poly Binders",6,33,82.95
OFF-EN-10002230,"Airmail Envelopes",6,19,1359.6660000000002
OFF-ST-10001511,"Space Solutions Commercial Steel Shelving",7,33,1952.43
OFF-SU-10004231,"Acme Tagit Stainless Steel Antibacterial Scissors",6,22,196.02
TEC-PH-10004042,"ClearOne Communications CHAT 70 OC Speaker Phone",4,12,1685.294
FUR-FU-10003096,"Master Giant Foot Doorstop, Safety Yellow",3,12,83.49
FUR-FU-10002759,"12-1/2 Diameter Round Wall Clock",8,36,551.448
FUR-TA-10000688,"Chromcraft Bull-Nose Wood Round Conference Table Top, Wood Base",6,18,3354.8900000000003
OFF-AR-10001954,"Newell 331",4,17,75.306
OFF-AP-10004532,"Kensington 6 Outlet Guardian Standard Surge Protector",6,20,409.6
OFF-PA-10002137,"Southworth 100% Résumé Paper, 24lb.",7,35,262.964
OFF-AP-10000804,"Hoover Portapower Portable Vacuum",4,18,61.824
TEC-AC-10003614,"Verbatim 25 GB 6x Blu-ray Single Layer Recordable Disc, 10/Pack",5,14,150.67000000000002
FUR-FU-10003553,"Howard Miller 13-1/2" Diameter Rosebrook Wall Clock"",5,17,949.026
OFF-BI-10004632,"GBC Binding covers",14,45,5535.593
OFF-BI-10004632,"Ibico Hi-Tech Manual Binding System",14,45,5535.593
OFF-BI-10003305,"Avery Hanging File Binders",6,26,105.846
OFF-ST-10002583,"Fellowes Neat Ideas Storage Cubes",7,16,480.70399999999995
TEC-MA-10004125,"Cubify CubeX 3D Printer Triple Head Print",1,4,7999.98
OFF-LA-10001934,"Avery 516",4,15,109.65
FUR-BO-10004015,"Bush Andora Bookcase, Maple/Graphite Gray Finish",9,34,3317.7235
FUR-FU-10004071,"Luxo Professional Magnifying Clamp-On Fluorescent Lamps",4,13,1268.922
OFF-ST-10002444,"Recycled Eldon Regeneration Jumbo File",6,20,235.776
TEC-AC-10002253,"Imation Bio 8GB USB Flash Drive Imation Corp",4,16,2659.84
OFF-PA-10000743,"Xerox 1977",6,20,130.928
OFF-LA-10002312,"Avery 490",5,13,177.60000000000002
OFF-LA-10003510,"Avery 4027 File Folder Labels for Dot Matrix Printers, 5000 Labels per Box, White",11,43,1233.4120000000003
OFF-AR-10001118,"Binney & Smith Crayola Metallic Crayons, 16-Color Pack",2,5,16.176000000000002
OFF-BI-10001575,"GBC Linen Binding Covers",6,18,207.56599999999997
FUR-FU-10003394,"Tenex "The Solids"" Textured Chair Mats"",7,26,1469.1599999999999
FUR-TA-10002774,"Laminate Occasional Tables",3,18,2096.168
OFF-PA-10001800,"Xerox 220",8,25,145.152
OFF-AP-10001469,"Fellowes 8 Outlet Superior Workstation Surge Protector",5,20,759.122
FUR-BO-10003272,"O'Sullivan Living Dimensions 5-Shelf Bookcases",6,21,3420.7704000000003
OFF-EN-10001219,"#10- 4 1/8" x 9 1/2"" Security-Tint Envelopes"",8,21,146.688
OFF-AP-10001154,"Bionaire Personal Warm Mist Humidifier/Vaporizer",3,11,515.79
TEC-AC-10001606,"Logitech Wireless Performance Mouse MX for PC and Mac",7,21,1799.8200000000002
OFF-BI-10003355,"Cardinal Holdit Business Card Pockets",8,25,87.648
FUR-FU-10002253,"Howard Miller 13" Diameter Pewter Finish Round Wall Clock"",7,27,1047.7359999999999
OFF-PA-10004092,"Tops Green Bar Computer Printout Paper",3,7,342.58
FUR-TA-10000198,"Chromcraft Bull-Nose Wood Oval Conference Tables & Bases",5,27,9917.64
OFF-ST-10000036,"Recycled Data-Pak for Archival Bound Computer Printouts, 12-1/2 x 12-1/2 x 16",6,20,1857.2520000000002
FUR-FU-10000222,"Seth Thomas 16" Steel Case Clock"",5,19,441.728
OFF-SU-10004664,"Acme Softgrip Scissors",4,23,166.056
OFF-EN-10001141,"Manila Recycled Extra-Heavyweight Clasp Envelopes, 6" x 9"""",4,13,125.172
TEC-PH-10002170,"ClearSounds CSC500 Amplified Spirit Phone Corded phone",6,19,1119.84
OFF-PA-10001954,"Xerox 1964",5,33,721.7439999999999
FUR-TA-10002228,"Bevis Traditional Conference Table Top, Plinth Base",3,9,2033.496
OFF-ST-10004634,"Personal Folder Holder, Ebony",6,14,145.73000000000002
TEC-AC-10003610,"Logitech Illuminated - Keyboard",6,20,1139.81
FUR-BO-10001619,"O'Sullivan Cherrywood Estates Traditional Bookcase",2,6,424.90000000000003
OFF-BI-10000138,"Acco Translucent Poly Ring Binders",8,31,91.72799999999998
TEC-AC-10001383,"Logitech Wireless Touch Keyboard K400",3,15,364.854
OFF-LA-10003223,"Avery 508",6,19,87.398
OFF-BI-10004094,"GBC Standard Plastic Binding Systems Combs",5,13,55.755
OFF-PA-10004971,"Xerox 196",8,18,92.48
TEC-PH-10000004,"Belkin iPhone and iPad Lightning Cable",2,7,83.944
OFF-BI-10003638,"GBC Durable Plastic Covers",8,34,369.585
FUR-FU-10003577,"Nu-Dell Leatherette Frames",3,18,246.64800000000002
OFF-BI-10000546,"Avery Durable Binders",12,50,87.264
TEC-CO-10002095,"Hewlett Packard 610 Color Digital Copier / Printer",7,21,8899.822
FUR-TA-10001095,"Chromcraft Round Conference Tables",13,61,8209.059
OFF-LA-10004484,"Avery 476",10,37,137.116
OFF-EN-10001532,"Brown Kraft Recycled Envelopes",5,15,244.512
TEC-AC-10003174,"Plantronics S12 Corded Telephone Headset System",6,23,2242.0319999999997
OFF-BI-10004187,"3-ring staple pack",6,26,42.112
OFF-ST-10000025,"Fellowes Stor/Drawer Steel Plus Storage Drawers",8,37,3397.308
FUR-FU-10004306,"Electrix Halogen Magnifier Lamp",6,17,2759.06
FUR-CH-10003746,"Hon 4070 Series Pagoda Round Back Stacking Chairs",7,21,5906.032
OFF-BI-10001036,"Cardinal EasyOpen D-Ring Binders",8,40,209.306
OFF-BI-10000301,"GBC Instant Report Kit",13,50,164.985
OFF-AR-10004648,"Boston 19500 Mighty Mite Electric Pencil Sharpener",4,17,342.55
FUR-FU-10002597,"C-Line Magnetic Cubicle Keepers, Clear Polypropylene",7,28,136.34400000000002
OFF-AR-10003405,"Dixon My First Ticonderoga Pencil, #2",4,19,95.94
FUR-CH-10002335,"Hon GuestStacker Chair",9,34,6936.102
OFF-PA-10003657,"Xerox 1927",5,18,65.056
FUR-BO-10004409,"Safco Value Mate Series Steel Bookcases, Baked Enamel Finish on Steel, Gray",6,17,858.858
TEC-AC-10000057,"Microsoft Natural Ergonomic Keyboard 4000",5,19,557.8140000000001
OFF-EN-10000056,"Cameo Buff Policy Envelopes",8,28,1555.75
OFF-BI-10000014,"Heavy-Duty E-Z-D Binders",8,29,176.74200000000002
FUR-CH-10004675,"Lifetime Advantage Folding Chairs, 4/Carton",7,27,5212.112
OFF-BI-10001132,"Acco PRESSTEX Data Binder with Storage Hooks, Dark Blue, 9 1/2" X 11"""",4,23,62.946
FUR-CH-10003199,"Office Star - Contemporary Task Swivel Chair",6,20,1842.268
TEC-PH-10001530,"Plantronics Voyager Pro Legend",9,34,8111.136
TEC-PH-10001530,"Cisco Unified IP Phone 7945G VoIP phone",9,34,8111.136
OFF-LA-10001569,"Avery 499",11,40,176.292
OFF-PA-10000176,"Xerox 1887",8,30,512.1899999999999
OFF-LA-10002271,"Smead Alpha-Z Color-Coded Second Alphabetical Labels and Starter Set",5,16,48.04799999999999
FUR-FU-10004090,"Executive Impressions 14" Contract Wall Clock"",7,17,346.788
OFF-AP-10000576,"Belkin 325VA UPS Surge Protector, 6'",7,29,2010.8519999999999
OFF-AP-10000576,"Belkin 7 Outlet SurgeMaster II",7,29,2010.8519999999999
OFF-PA-10003953,"Xerox 218",5,8,49.248000000000005
FUR-FU-10000794,"Eldon Stackable Tray, Side-Load, Legal, Smoke",5,17,155.38
OFF-AR-10001897,"Model L Table or Wall-Mount Pencil Sharpener",5,24,402.97599999999994
TEC-PH-10001795,"RCA H5401RE1 DECT 6.0 4-Line Cordless Handset With Caller ID/Call Waiting",5,16,6935.862
TEC-PH-10001795,"ClearOne CHATAttach 160 - speaker phone",5,16,6935.862
TEC-AC-10004901,"Kensington SlimBlade Notebook Wireless Mouse with Nano Receiver ",4,13,549.89
OFF-AR-10003190,"Newell 32",6,17,47.232
OFF-AP-10000240,"Belkin F9G930V10-GRY 9 Outlet Surge",5,16,770.1120000000001
TEC-AC-10001838,"Razer Tiamat Over Ear 7.1 Surround Sound PC Gaming Headset",7,26,5119.744000000001
OFF-PA-10003651,"Xerox 1968",5,26,165.664
OFF-BI-10003094,"Self-Adhesive Ring Binder Labels",4,11,22.88
FUR-CH-10001394,"Global Leather Executive Chair",7,21,5861.533
OFF-BI-10004230,"GBC Recycled Grain Textured Covers",5,20,466.29
OFF-PA-10003395,"Xerox 1941",5,19,1740.5100000000002
TEC-AC-10002402,"Razer Kraken PRO Over Ear PC and Music Headset",8,30,2159.73
TEC-AC-10003441,"Kingston Digital DataTraveler 32GB USB 2.0",7,22,355.95
OFF-FA-10002280,"Advantus Plastic Paper Clips",10,47,225
OFF-SU-10000381,"Acme Forged Steel Scissors with Black Enamel Handles",8,32,279.3
OFF-EN-10004459,"Security-Tint Envelopes",9,23,163.49599999999998
FUR-CH-10000665,"Global Airflow Leather Mesh Back Chair, Black",9,32,3955.676
OFF-AP-10003884,"Fellowes Smart Surge Ten-Outlet Protector, Platinum",1,3,180.66
TEC-PH-10001557,"Pyle PMP37LED",10,43,3590.026
TEC-PH-10002085,"Clarity 53712",4,14,752.2860000000001
OFF-AR-10002956,"Boston 16801 Nautilus Battery Pencil Sharpener",6,23,444.6020000000001
OFF-AP-10003266,"Holmes Replacement Filter for HEPA Air Cleaner, Large Room",4,12,151.062
TEC-MA-10004002,"Zebra GX420t Direct Thermal/Thermal Transfer Printer",3,14,5787.355
OFF-BI-10001071,"GBC ProClick Punch Binding System",7,31,1573.9080000000001
OFF-PA-10001560,"Adams Telephone Message Books, 5 1/4” x 11”",5,15,80.93599999999999
OFF-AR-10002578,"Newell 335",4,12,34.56
FUR-BO-10001519,"O'Sullivan 3-Shelf Heavy-Duty Bookcases",5,22,1119.195
OFF-BI-10001294,"Fellowes Binding Cases",5,31,271.44
OFF-BI-10001636,"Ibico Plastic and Wire Spiral Binding Combs",9,41,208.221
OFF-SU-10002503,"Acme Preferred Stainless Steel Scissors",4,16,90.88
OFF-LA-10004093,"Avery 486",9,24,168.13
TEC-AC-10000710,"Maxell DVD-RAM Discs",3,18,296.64
OFF-AR-10002335,"DIXON Oriole Pencils",6,19,44.891999999999996
OFF-PA-10001870,"Xerox 202",8,28,171.072
OFF-PA-10001019,"Xerox 1884",8,32,543.456
OFF-SU-10002537,"Acme Box Cutter Scissors",6,31,306.9
OFF-ST-10003221,"Staple magnet",3,5,53.4
OFF-AR-10003752,"Deluxe Chalkboard Eraser Cleaner",5,17,182.49
TEC-AC-10001714,"Logitech MX Performance Wireless Mouse",7,23,789.822
OFF-AR-10003958,"Newell 337",2,4,10.496
TEC-PH-10002923,"Logitech B530 USB Headset - headset - Full size, Binaural",10,25,739.8
OFF-LA-10004272,"Avery 482",2,4,11.56
FUR-FU-10000965,"Howard Miller 11-1/2" Diameter Ridgewood Wall Clock"",6,24,1184.232
OFF-LA-10004853,"Avery 483",6,19,83.66399999999999
OFF-BI-10003719,"Large Capacity Hanging Post Binders",5,22,276.945
OFF-BI-10000545,"GBC Ibimaster 500 Manual ProClick Binding System",9,48,19024.5
OFF-PA-10003591,"Southworth 100% Cotton The Best Paper",3,15,151.536
OFF-PA-10001790,"Xerox 1910",5,14,586.0880000000001
TEC-AC-10002049,"Plantronics Savi W720 Multi-Device Wireless Headset System",15,60,13756.535999999998
TEC-AC-10002049,"Logitech G19 Programmable Gaming Keyboard",15,60,13756.535999999998
OFF-BI-10003984,"Lock-Up Easel 'Spel-Binder'",7,44,704.691
FUR-FU-10001424,"Dax Clear Box Frame",6,14,96.03
OFF-BI-10002071,"Fellowes Black Plastic Comb Bindings",9,34,102.256
OFF-ST-10002486,"Eldon Shelf Savers Cubes and Bins",8,45,300.14
TEC-AC-10000927,"Anker Ultrathin Bluetooth Wireless Keyboard Aluminum Cover with Stand ",4,17,491.836
OFF-AR-10003158,"Fluorescent Highlighters by Dixon",5,26,90.744
TEC-PH-10002660,"Nortel Networks T7316 E Nt8 B27",6,29,1876.524
OFF-BI-10003364,"Binding Machine Supplies",9,32,667.993
OFF-EN-10001099,"Staple envelope",5,18,160.39200000000002
OFF-PA-10002250,"Things To Do Today Pad",7,26,138.53199999999998
OFF-BI-10004716,"Wilson Jones Hanging Recycled Pressboard Data Binders",2,4,32.647999999999996
OFF-LA-10001045,"Permanent Self-Adhesive File Folder Labels for Typewriters by Universal",6,18,44.37
OFF-BI-10001510,"Deluxe Heavy-Duty Vinyl Round Ring Binder",7,33,504.23999999999995
OFF-PA-10002947,"Xerox 1923",5,16,94.856
OFF-PA-10000019,"Xerox 1931",8,36,209.95200000000003
FUR-BO-10003441,"Bush Westfield Collection Bookcases, Fully Assembled",6,18,1473.2982000000002
TEC-PH-10004774,"Gear Head AU3700S Headset",3,16,189.654
OFF-BI-10003684,"Wilson Jones Legal Size Ring Binders",9,44,532.1579999999999
TEC-PH-10001494,"Polycom CX600 IP Phone VoIP phone",4,17,4619.23
TEC-AC-10004666,"Maxell iVDR EX 500GB Cartridge",2,10,2755.4
OFF-ST-10003816,"Fellowes High-Stak Drawer Files",8,26,3946.656
FUR-TA-10001520,"Lesro Sheffield Collection Coffee Table, End Table, Center Table, Corner Table",9,39,2298.114
OFF-ST-10001558,"Acco Perma 4000 Stacking Storage Drawers",11,31,457.968
TEC-AC-10002473,"Maxell 4.7GB DVD-R",11,49,1231.692
TEC-PH-10004531,"AT&T CL2909",7,24,1041.81
TEC-PH-10004531,"OtterBox Commuter Series Case - iPhone 5 & 5s",7,24,1041.81
OFF-AP-10004487,"Kensington 4 Outlet MasterPiece Compact Power Control Center",7,36,2488.392
OFF-PA-10003543,"Xerox 1985",2,5,25.92
TEC-AC-10004353,"Hypercom P1300 Pinpad",7,21,1108.8
OFF-AR-10001468,"Sanford Prismacolor Professional Thick Lead Art Pencils, 36-Color Set",3,7,209.664
OFF-BI-10004826,"JM Magazine Binder",6,18,204.724
OFF-PA-10000289,"Xerox 213",6,18,111.45599999999999
OFF-AP-10003040,"Fellowes 8 Outlet Superior Workstation Surge Protector w/o Phone/Fax/Modem Protection",5,25,665.676
OFF-ST-10001496,"Standard Rollaway File with Lock",10,40,6594.954
OFF-BI-10002931,"Avery Trapezoid Extra Heavy Duty 4" Binders"",4,15,314.54999999999995
FUR-TA-10002356,"Bevis Boat-Shaped Conference Table",6,15,2542.4669999999996
FUR-FU-10003601,"Deflect-o RollaMat Studded, Beveled Mat for Medium Pile Carpeting",6,26,1623.2480000000003
FUR-TA-10004154,"Riverside Furniture Oval Coffee Table, Oval End Table, End Table with Drawer",5,25,4446.175
OFF-PA-10000788,"Xerox 210",6,18,95.904
FUR-FU-10001940,"Staple-based wall hangings",10,38,219.696
OFF-BI-10004465,"Avery Durable Slant Ring Binders",5,19,51.48
FUR-FU-10004188,"Luxo Professional Combination Clamp-On Lamps",5,13,1329.8999999999999
OFF-BI-10000145,"Zipper Ring Binder Pockets",13,44,81.744
OFF-LA-10001613,"Avery File Folder Labels",13,44,113.472
OFF-LA-10004055,"Color-Coded Legal Exhibit Labels",2,3,14.73
OFF-PA-10004621,"Xerox 212",7,25,141.264
OFF-PA-10001281,"Computer Printout Paper with Letter-Trim Fine Perforations",1,4,191.6
OFF-ST-10001097,"Office Impressions Heavy Duty Welded Shelving & Multimedia Storage Drawers",5,20,3178.13
FUR-FU-10001095,"DAX Black Cherry Wood-Tone Poster Frame",8,24,455.4560000000001
OFF-BI-10002012,"Wilson Jones Easy Flow II Sheet Lifters",12,49,51.48
OFF-PA-10004156,"Xerox 188",8,20,213.192
OFF-AR-10000034,"BIC Brite Liner Grip Highlighters, Assorted, 5/Pack",6,29,118.72
TEC-PH-10000560,"Samsung Galaxy S III - 16GB - pebble blue (T-Mobile)",6,28,7139.796
OFF-EN-10000461,"#10- 4 1/8" x 9 1/2"" Recycled Envelopes"",8,27,211.50799999999998
TEC-MA-10003066,"Wasp CCD Handheld Bar Code Reader",1,3,336.51
OFF-BI-10004022,"Acco Suede Grain Vinyl Round Ring Binder",8,29,38.642
OFF-AR-10001988,"Bulldog Table or Wall-Mount Pencil Sharpener",3,13,77.87
OFF-PA-10003625,"Xerox 1979",3,11,328.388
OFF-BI-10003925,"Fellowes PB300 Plastic Comb Binding Machine",6,27,8070.192
OFF-EN-10003862,"Laser & Ink Jet Business Envelopes",5,20,198.462
OFF-ST-10004258,"Portable Personal File Box",6,19,224.66400000000002
FUR-FU-10002885,"Magna Visual Magnetic Picture Hangers",6,19,84.832
TEC-AC-10003033,"Plantronics CS510 - Over-the-Head monaural Wireless Headset System",10,35,10822.359999999999
OFF-ST-10000046,"Fellowes Super Stor/Drawer Files",9,27,4006.44
OFF-BI-10002049,"UniKeep View Case Binders",5,13,28.851
OFF-ST-10003722,"Project Tote Personal File",4,15,193.614
TEC-AC-10003198,"Enermax Acrylux Wireless Keyboard",6,29,2450.16
FUR-FU-10002191,"G.E. Halogen Desk Lamp Bulbs",5,11,62.82
TEC-PH-10004188,"OtterBox Commuter Series Case - Samsung Galaxy S4",4,18,384.846
OFF-ST-10001526,"Iceberg Mobile Mega Data/Printer Cart ",8,49,5751.774
OFF-AR-10001166,"Staples in misc. colors",3,8,60.64
FUR-CH-10000309,"Global Comet Stacking Arm Chair",5,17,6084.143999999999
TEC-MA-10004212,"Cisco SPA525G2 5-Line IP Phone",1,8,1379.92
OFF-EN-10003072,"Peel & Seel Envelopes",4,18,62.856
OFF-BI-10000320,"GBC Plastic Binding Combs",10,30,172.692
OFF-PA-10001166,"Xerox 1932",10,28,222.43199999999996
OFF-PA-10001166,"Xerox 2",10,28,222.43199999999996
OFF-PA-10003656,"Xerox 1935",4,21,538.1519999999999
TEC-PH-10000148,"Cyber Acoustics AC-202b Speech Recognition Stereo Headset",5,11,119.508
TEC-PH-10003885,"Cisco SPA508G",5,15,910.662
OFF-LA-10001175,"Avery 514",4,17,47.808
OFF-PA-10000955,"Southworth 25% Cotton Granite Paper & Envelopes",3,7,37.932
FUR-FU-10003975,"Eldon Advantage Chair Mats for Low to Medium Pile Carpets",5,13,563.03
OFF-BI-10003707,"Aluminum Screw Posts",11,41,354.03200000000004
OFF-AR-10000203,"Newell 336",4,18,68.48
OFF-AR-10004790,"Staples in misc. colors",2,5,47.88
TEC-AC-10004761,"Maxell 4.7GB DVD+RW 3/Pack",4,17,264.438
FUR-BO-10001811,"Atlantic Metals Mobile 5-Shelf Bookcases, Custom Colors",8,26,5492.885
OFF-AR-10001130,"Quartet Alpha White Chalk, 12/Pack",2,8,15.469999999999999
OFF-AP-10000055,"Belkin F9S820V06 8 Outlet Surge",4,17,266.33599999999996
FUR-CH-10002304,"Global Stack Chair without Arms, Black",7,44,901.506
FUR-FU-10000293,"Eldon Antistatic Chair Mats for Low to Medium Pile Carpets",4,14,1431.944
OFF-PA-10001307,"Important Message Pads, 50 4-1/4 x 5-1/2 Forms per Pad",4,15,54.6
FUR-FU-10004460,"Howard Miller 12" Round Wall Clock"",2,14,479.33799999999997
OFF-AR-10000716,"DIXON Ticonderoga Erasable Checking Pencils",7,20,94.85999999999999
FUR-FU-10004622,"Eldon Advantage Foldable Chair Mats for Low Pile Carpets",3,10,379.4
OFF-BI-10003529,"Avery Round Ring Poly Binders",6,17,36.919999999999995
OFF-BI-10001097,"Avery Hole Reinforcements",9,32,116.50099999999999
OFF-FA-10001754,"Stockwell Gold Paper Clips",2,5,8.096
OFF-FA-10004838,"Super Bands, 12/Pack",4,20,33.480000000000004
TEC-PH-10002115,"Plantronics 81402",4,15,844.672
OFF-FA-10003059,"Assorted Color Push Pins",8,21,34.39
OFF-BI-10004330,"GBC Velobind Prepunched Cover Sets, Regency Series",7,33,661.942
OFF-BI-10003669,"3M Organizer Strips",7,26,83.16
OFF-BI-10003727,"Avery Durable Slant Ring Binders With Label Holder",9,36,90.70599999999999
TEC-AC-10003447,"Micropad Numeric Keypads",4,15,291.85400000000004
OFF-AR-10000255,"Newell 328",3,13,75.92
OFF-AP-10002191,"Belkin 8 Outlet SurgeMaster II Gold Surge Protector",5,15,737.754
OFF-PA-10000349,"Easy-staple paper",9,25,118.524
FUR-CH-10002880,"Global High-Back Leather Tilter, Burgundy",14,54,5436.158
OFF-PA-10003127,"Easy-staple paper",6,13,327.11199999999997
TEC-MA-10003979,"Ativa V4110MDD Micro-Cut Shredder",2,11,7699.89
OFF-PA-10000029,"Xerox 224",6,17,95.904
OFF-LA-10000452,"Avery 488",6,17,51.03
TEC-PH-10001819,"Innergie mMini Combo Duo USB Travel Charging Kit",6,19,746.8340000000001
OFF-AR-10002952,"Stanley Contemporary Battery Pencil Sharpeners",4,24,293.7
TEC-PH-10000576,"AT&T 1080 Corded phone",7,18,1945.258
OFF-PA-10000605,"Xerox 1950",3,9,49.708
OFF-ST-10004340,"Fellowes Mobile File Cart, Black",10,40,2300.66
OFF-BI-10004001,"GBC Recycled VeloBinder Covers",8,42,487.34399999999994
FUR-TA-10004147,"Hon 4060 Series Tables",4,13,1231.56
OFF-AR-10001545,"Newell 326",6,23,36.608
TEC-AC-10001013,"Logitech ClearChat Comfort/USB Headset H390",6,19,533.078
OFF-AR-10002255,"Newell 346",5,11,31.104
OFF-BI-10003676,"GBC Standard Recycled Report Covers, Clear Plastic Sheets",12,51,258.72
OFF-FA-10003495,Staples,7,35,192.128
OFF-EN-10003798,"Recycled Interoffice Envelopes with Re-Use-A-Seal Closure, 10 x 13",2,5,68.28
TEC-PH-10003589,"invisibleSHIELD by ZAGG Smudge-Free Screen Protector",7,29,442.5539999999999
OFF-PA-10004735,"Xerox 1905",5,23,146.448
FUR-BO-10002206,"Bush Saratoga Collection 5-Shelf Bookcase, Hanover Cherry, *Special Order",1,1,119.833
OFF-PA-10000141,"Ampad Evidence Wirebond Steno Books, 6" x 9"""",4,14,27.468000000000004
TEC-PH-10001061,"Apple iPhone 5C",4,15,1339.866
OFF-AR-10002375,"Newell 351",7,26,82.656
OFF-EN-10001539,"Staple envelope",7,26,196.056
FUR-TA-10004086,"KI Adjustable-Height Table",7,27,1788.3840000000002
OFF-PA-10000100,"Xerox 1945",8,45,1696.986
OFF-LA-10000973,"Avery 502",3,7,17.64
OFF-ST-10001476,"Steel Personal Filing/Posting Tote",5,29,937.4639999999999
OFF-EN-10002831,"Tyvek  Top-Opening Peel & Seel  Envelopes, Gray",3,17,610.98
OFF-PA-10001763,"Xerox 1896",2,5,49.95
OFF-BI-10002072,"Cardinal Slant-D Ring Binders",5,17,119.922
OFF-FA-10001561,"Stockwell Push Pins",8,34,69.76
TEC-MA-10004241,"Star Micronics TSP800 TSP847IIU Receipt Printer",2,4,1286.85
OFF-AP-10003849,"Hoover Shoulder Vac Commercial Portable Vacuum",6,16,5009.48
OFF-FA-10000735,Staples,5,19,54.312000000000005
OFF-BI-10003350,"Acco Expandable Hanging Binders",4,11,38.918
TEC-PH-10000307,"Shocksock Galaxy S4 Armband",3,7,63.50999999999999
TEC-CO-10004202,"Brother DCP1000 Digital 3 in 1 Multifunction Machine",7,19,4859.838000000001
FUR-FU-10001852,"Eldon Regeneration Recycled Desk Accessories, Smoke",5,21,33.756
OFF-AR-10003759,"Crayola Anti Dust Chalk, 12/Pack",7,35,59.696000000000005
OFF-ST-10004337,"SAFCO Commercial Wire Shelving, 72h",5,24,1445.2640000000001
FUR-TA-10001932,"Chromcraft 48" x 96"" Racetrack Double Pedestal Table"",6,22,5098.1759999999995
FUR-CH-10002126,"Hon Deluxe Fabric Upholstered Stacking Chairs",4,15,2586.1879999999996
TEC-PH-10004700,"PowerGen Dual USB Car Charger",4,14,127.87200000000001
OFF-BI-10003429,"Cardinal HOLDit! Binder Insert Strips,Extra Strips",9,41,136.728
FUR-FU-10004952,"C-Line Cubicle Keepers Polyproplyene Holder w/Velcro Back, 8-1/2x11, 25/Bx",4,13,514.556
OFF-PA-10003172,"Xerox 1996",8,28,176.25600000000003
OFF-ST-10002352,"Iris Project Case",6,30,225.03600000000003
OFF-PA-10002259,"Geographics Note Cards, Blank, White, 8 1/2" x 11"""",3,8,76.092
OFF-BI-10002976,"ACCOHIDE Binder by Acco",4,21,65.254
OFF-LA-10004425,"Staple-on labels",5,21,53.754000000000005
FUR-CH-10001270,"Harbour Creations Steel Folding Chair",8,34,2389.125
TEC-PH-10004539,"Wireless Extenders zBoost YX545 SOHO Signal Booster",7,24,4044.3860000000004
OFF-AR-10001919,"OIC #2 Pencils, Medium Soft",7,17,30.831999999999997
TEC-PH-10003655,"Sannysis Cute Owl Design Soft Skin Case Cover for Samsung Galaxy S4",2,8,13.86
OFF-BI-10004656,"Peel & Stick Add-On Corner Pockets",7,30,38.016
OFF-ST-10002344,"Carina 42"Hx23 3/4""W Media Storage Unit"",8,22,1635.7960000000003
TEC-PH-10004447,"Toshiba IPT2010-SD IP Telephone",8,31,3613.74
FUR-CH-10003973,"GuestStacker Chair with Chrome Finish Legs",8,31,9070.944000000001
OFF-PA-10000682,"Xerox 1924",4,12,60.112
FUR-FU-10002268,"Ultra Door Push Plate",7,34,149.264
TEC-AC-10001990,"Kensington Orbit Wireless Mobile Trackball for PC and Mac",5,33,1703.7160000000001
FUR-CH-10004540,"Global Chrome Stack Chair",6,32,815.8639999999999
OFF-ST-10002292,"Sauder Facets Collection Locker/File Cabinet, Sky Alder Finish",2,5,1706.508
OFF-AR-10004999,"Newell 315",6,25,145.912
OFF-BI-10001031,"Pressboard Data Binders by Wilson Jones",8,27,99.32400000000001
OFF-BI-10002432,"Wilson Jones Standard D-Ring Binders",8,26,96.64600000000002
FUR-FU-10001867,"Eldon Expressions Punched Metal & Wood Desk Accessories, Pewter & Cherry",3,13,121.296
TEC-PH-10002200,"Aastra 6757i CT Wireless VoIP phone",8,30,7437.886
TEC-PH-10002200,"Samsung Galaxy Note 2",8,30,7437.886
TEC-PH-10000439,"GE DSL Phone Line Filter",4,15,495.876
OFF-PA-10001685,"Easy-staple paper",5,29,257.556
OFF-ST-10001418,"Carina Media Storage Towers in Natural & Black",5,20,1073.248
OFF-ST-10000676,"Fellowes Econo/Stor Drawers",2,7,581.58
OFF-AR-10001022,"SANFORD Liquid Accent Tank-Style Highlighters",3,5,14.2
OFF-EN-10003055,"Blue String-Tie & Button Interoffice Envelopes, 10 x 13",7,22,783.608
TEC-CO-10001046,"Canon Imageclass D680 Copier / Fax",5,16,8959.872000000001
FUR-FU-10000076,"24-Hour Round Wall Clock",6,27,487.51200000000006
FUR-FU-10003268,"Eldon Radial Chair Mat for Low to Medium Pile Carpets",6,20,775.6120000000001
FUR-FU-10003691,"Eldon Image Series Desk Accessories, Ebony",5,18,180.30999999999997
OFF-AR-10003903,"Sanford 52201 APSCO Electric Pencil Sharpener",4,14,565.386
TEC-PH-10003442,"Samsung Replacement EH64AVFWE Premium Headset",5,21,104.5
OFF-BI-10004519,"GBC DocuBind P100 Manual Binding Machine",8,27,2954.4440000000004
OFF-EN-10004955,"Fashion Color Clasp Envelopes",3,15,77.904
FUR-TA-10004619,"Hon Non-Folding Utility Tables",5,29,3775.647
FUR-BO-10004467,"Bestar Classic Bookcase",8,31,1897.8102000000001
OFF-AR-10002280,"Staples in misc. colors",2,9,54.348
FUR-CH-10001708,"Office Star - Contemporary Swivel Chair with Padded Adjustable Arms and Flex Back",7,32,3989.7340000000004
OFF-AR-10000462,"Sanford Pocket Accent Highlighters",3,14,22.4
TEC-PH-10004165,"Mitel MiVoice 5330e IP Phone",9,34,7699.72
FUR-FU-10003724,"Westinghouse Clip-On Gooseneck Lamps",9,38,279.558
FUR-FU-10003535,"Howard Miller Distant Time Traveler Alarm Clock",6,21,531.948
OFF-ST-10003716,"Tennsco Double-Tier Lockers",12,47,9630.856
TEC-PH-10004586,"Wilson SignalBoost 841262 DB PRO Amplifier Kit",6,17,5327.26
OFF-BI-10004236,"XtraLife ClearVue Slant-D Ring Binder, White, 3""",10,39,386.08399999999995
OFF-AR-10000422,"Pencil and Crayon Sharpener",4,16,29.346
OFF-PA-10002870,"Ampad Phone Message Book, Recycled, 400 Message Capacity, 5 ¾” x 11”",5,20,124.8
OFF-ST-10000563,"Fellowes Bankers Box Stor/Drawer Steel Plus",12,50,1426.308
OFF-BI-10002854,"Performers Binder/Pad Holder, Black",8,36,611.054
FUR-CH-10001973,"Office Star Flex Back Scooter Chair with White Frame",7,21,1775.6800000000003
TEC-AC-10000580,"Logitech G13 Programmable Gameboard with LCD Display",4,14,1039.8700000000001
OFF-AR-10004022,"Panasonic KP-380BK Classic Electric Pencil Sharpener",6,22,705.208
TEC-AC-10004209,"Memorex Froggy Flash Drive 4 GB",5,14,136.27599999999998
TEC-AC-10000023,"Maxell 74 Minute CD-R Spindle, 50/Pack",5,24,503.28
TEC-PH-10003505,"Geemarc AmpliPOWER60",11,46,3415.0399999999995
OFF-LA-10000121,"Avery 48",3,15,90.72
OFF-BI-10002026,"Ibico Recycled Linen-Style Covers",14,64,2068.822
OFF-BI-10002026,"Avery Arch Ring Binders",14,64,2068.822
OFF-PA-10000994,"Xerox 1915",9,28,2789.0099999999998
OFF-BI-10002813,"Avery Reinforcements for Hole-Punch Pages",8,41,28.512
OFF-AR-10004817,"Colorific Watercolor Pencils",3,11,51.60000000000001
OFF-AR-10001860,"BIC Liqua Brite Liner",6,27,173.5
OFF-BI-10004970,"ACCOHIDE 3-Ring Binder, Blue, 1""",13,44,147.02800000000002
OFF-PA-10002968,"Xerox 1973",2,8,169.01600000000002
FUR-BO-10003433,"Sauder Cornerstone Collection Library",3,14,322.19199999999995
FUR-FU-10002554,"Westinghouse Floor Lamp with Metal Mesh Shade, Black",4,7,167.92999999999998
TEC-PH-10003437,"Blue Parrot B250XT Professional Grade Wireless Bluetooth Headset with",4,21,1229.836
OFF-AP-10003971,"Belkin 6 Outlet Metallic Surge Strip",9,29,262.449
FUR-CH-10003846,"Hon Valutask Swivel Chairs",4,13,1242.0539999999999
OFF-LA-10001404,"Avery 517",4,13,44.28
OFF-LA-10001474,"Avery 477",4,20,573.9639999999999
FUR-FU-10004960,"Seth Thomas 12" Clock w/ Goldtone Case"",3,17,390.66
TEC-AC-10003116,"Memorex Froggy Flash Drive 8 GB",8,32,536.05
OFF-AP-10004859,"Acco 6 Outlet Guardian Premium Surge Suppressor",8,35,432.432
OFF-PA-10002659,"Avoid Verbal Orders Carbonless Minifold Book",5,21,68.276
OFF-BI-10004139,"Fellowes Presentation Covers for Comb Binding Machines",2,14,133.86
OFF-AR-10002818,"Panasonic KP-310 Heavy-Duty Electric Pencil Sharpener",2,9,197.82
OFF-AP-10001303,"Holmes Cool Mist Humidifier for the Whole House with 8-Gallon Output per Day, Extended Life Filter",4,9,147.26
OFF-ST-10002574,"SAFCO Commercial Wire Shelving, Black",10,35,4199.456
FUR-FU-10004018,"Tensor Computer Mounted Lamp",8,36,536.04
TEC-PH-10002549,"Polycom SoundPoint IP 450 VoIP phone",6,22,3839.62
OFF-PA-10004911,"Rediform S.O.S. 1-Up Phone Message Bk, 4-1/4x3-1/16 Bk, 1 Form/Pg, 40 Messages/Bk, 3/Pk",5,21,196.98000000000002
TEC-MA-10002178,"Cisco CP-7937G Unified IP Conference Station Phone",2,4,1391.4
OFF-AR-10000411,"Boston 16701 Slimline Battery Pencil Sharpener",2,6,86.076
OFF-LA-10000262,"Avery 494",6,23,56.376000000000005
OFF-PA-10000466,"Memo Book, 100 Message Capacity, 5 3/8” x 11”",3,12,76.836
OFF-AR-10003829,"Newell 35",9,30,93.152
OFF-BI-10001758,"Wilson Jones 14 Line Acrylic Coated Pressboard Data Binders",4,23,100.392
OFF-BI-10000136,"Avery Non-Stick Heavy Duty View Round Locking Ring Binders",3,12,68.17200000000001
OFF-ST-10000649,"Hanging Personal Folder File",5,17,251.2
OFF-PA-10003641,"Xerox 1909",9,40,970.784
FUR-CH-10002961,"Leather Task Chair, Black",6,19,1437.484
OFF-PA-10004041,"It's Hot Message Books with Stickers, 2 3/4" x 5"""",6,25,161.32
TEC-PH-10001336,"Digium D40 VoIP phone",9,27,3044.164
TEC-MA-10003183,"DYMO CardScan Personal V9 Business Card Scanner",3,11,1343.9160000000002
TEC-AC-10001314,"Case Logic 2.4GHz Wireless Keyboard",8,27,1229.754
TEC-AC-10004510,"Logitech Desktop MK120 Mouse and keyboard Combo",12,50,778.736
OFF-BI-10000042,"Pressboard Data Binder, Crimson, 12" X 8 1/2"""",3,9,33.108000000000004
FUR-TA-10003008,"Lesro Round Back Collection Coffee Table, End Table",8,20,2847.7799999999997
OFF-AP-10003590,"Hoover WindTunnel Plus Canister Vacuum",3,9,3051.3
OFF-PA-10000806,"Xerox 1934",5,20,1097.2079999999999
OFF-AR-10000896,"Newell 329",2,8,24.272
TEC-PH-10002310,"Plantronics Calisto P620-M USB Wireless Speakerphone System",7,22,3168.606
TEC-PH-10002310,"Panasonic KX T7731-B Digital phone",7,22,3168.606
OFF-PA-10001289,"White Computer Printout Paper by Universal",8,37,1279.08
OFF-FA-10000053,"Revere Boxed Rubber Bands by Revere",6,29,48.006
OFF-EN-10003001,"Ames Color-File Green Diamond Border X-ray Mailers",4,18,1360.476
FUR-TA-10002958,"Bevis Oval Conference Table, Walnut",8,36,6942.068
FUR-TA-10001676,"Hon 61000 Series Interactive Training Tables",9,22,653.121
OFF-BI-10000822,"Acco PRESSTEX Data Binder with Storage Hooks, Light Blue, 9 1/2" X 11"""",5,17,67.25
OFF-PA-10004888,"Xerox 217",8,25,151.63199999999998
FUR-TA-10002622,"Bush Andora Conference Table, Maple/Graphite Gray Finish",4,12,1436.232
OFF-PA-10000418,"Xerox 189",6,19,1782.4499999999998
FUR-TA-10001039,"KI Adjustable-Height Table",11,47,2764.257
OFF-AR-10002240,"Panasonic KP-150 Electric Pencil Sharpener",4,16,573.648
OFF-BI-10002867,"GBC Recycled Regency Composition Covers",6,26,1291.248
FUR-FU-10003976,"DAX Executive Solid Wood Document Frame, Desktop or Hang, Mahogany, 5 x 7",5,17,196.248
TEC-PH-10002922,"ShoreTel ShorePhone IP 230 VoIP phone",4,21,2906.628
OFF-PA-10000501,"Petty Cash Envelope",3,10,231.856
OFF-AP-10004980,"3M Replacement Filter for Office Air Cleaner for 20' x 33' Room",4,14,303.36
TEC-PH-10001750,"Samsung Rugby III",8,24,1385.7899999999997
OFF-BI-10003708,"Acco Four Pocket Poly Ring Binder with Label Holder, Smoke, 1""",6,28,122.17999999999999
OFF-BI-10001191,"Canvas Sectional Post Binders",6,28,422.63599999999997
OFF-PA-10003673,"Strathmore Photo Mount Cards",9,38,245.43599999999998
OFF-PA-10001639,"Xerox 203",6,24,143.85600000000002
TEC-AC-10004975,"Plantronics Audio 995 Wireless Stereo Headset",4,18,1913.13
OFF-BI-10004364,"Storex Dura Pro Binders",12,38,125.33399999999997
OFF-PA-10001712,"Xerox 1948",3,15,149.85000000000002
FUR-CH-10004289,"Global Super Steno Chair",7,30,2389.9020000000005
TEC-PH-10002564,"OtterBox Defender Series Case - Samsung Galaxy S4",8,27,689.77
OFF-BI-10004876,"Wilson Jones Suede Grain Vinyl Binders",3,8,16.402
TEC-PH-10004348,"OtterBox Defender Series Case - iPhone 5c",2,5,133.128
OFF-BI-10004352,"Wilson Jones DublLock D-Ring Binders",2,6,35.775
OFF-BI-10000666,"Surelock Post Binders",8,29,653.984
TEC-MA-10000010,"Hewlett-Packard Deskjet 3050a All-in-One Color Inkjet Printer",1,8,3040
OFF-BI-10000977,"Ibico Plastic Spiral Binding Combs",13,47,1100.48
FUR-TA-10002530,"Iceberg OfficeWorks 42" Round Tables"",7,30,3457.4419999999996
FUR-FU-10001473,"Eldon Executive Woodline II Desk Accessories, Mahogany",14,57,839.676
FUR-FU-10001473,"DAX Wood Document Frame",14,57,839.676
OFF-BI-10001765,"Wilson Jones Heavy-Duty Casebound Ring Binders with Metal Hinges",6,22,554.24
FUR-CH-10000847,"Global Executive Mid-Back Manager's Chair",6,18,4626.582
OFF-PA-10001293,"Xerox 1946",3,13,79.056
OFF-AR-10000634,"Newell 320",7,23,81.32000000000001
